1.150,=(60*46)+25-((60*46)+24)
1.193,=(60*46)+26-((60*46)+24)
1.269,=(60*46)+26-((60*46)+24)
1.209,=(60*46)+27-((60*46)+24)
1.153,=(60*46)+28-((60*46)+24)
1.242,=(60*46)+29-((60*46)+24)
1.335,=(60*46)+30-((60*46)+24)
1.243,=(60*46)+31-((60*46)+24)
1.318,=(60*46)+32-((60*46)+24)
1.408,=(60*46)+33-((60*46)+24)
1.234,=(60*46)+34-((60*46)+24)
1.057,=(60*46)+35-((60*46)+24)
1.182,=(60*46)+36-((60*46)+24)
1.172,=(60*46)+37-((60*46)+24)
1.225,=(60*46)+38-((60*46)+24)
1.276,=(60*46)+39-((60*46)+24)
1.178,=(60*46)+40-((60*46)+24)
1.266,=(60*46)+41-((60*46)+24)
1.334,=(60*46)+42-((60*46)+24)
1.182,=(60*46)+43-((60*46)+24)
1.138,=(60*46)+43-((60*46)+24)
1.221,=(60*46)+44-((60*46)+24)
1.181,=(60*46)+45-((60*46)+24)
1.201,=(60*46)+46-((60*46)+24)
1.169,=(60*46)+47-((60*46)+24)
1.171,=(60*46)+48-((60*46)+24)
1.224,=(60*46)+49-((60*46)+24)
1.197,=(60*46)+50-((60*46)+24)
1.229,=(60*46)+51-((60*46)+24)
1.208,=(60*46)+52-((60*46)+24)
1.185,=(60*46)+53-((60*46)+24)
1.169,=(60*46)+54-((60*46)+24)
1.229,=(60*46)+55-((60*46)+24)
1.157,=(60*46)+56-((60*46)+24)
1.124,=(60*46)+57-((60*46)+24)
1.206,=(60*46)+58-((60*46)+24)
1.165,=(60*46)+58-((60*46)+24)
1.190,=(60*46)+59-((60*46)+24)
1.206,=(60*47)+00-((60*46)+24)
1.181,=(60*47)+01-((60*46)+24)
1.146,=(60*47)+02-((60*46)+24)
1.168,=(60*47)+03-((60*46)+24)
1.173,=(60*47)+04-((60*46)+24)
1.133,=(60*47)+05-((60*46)+24)
1.134,=(60*47)+05-((60*46)+24)
1.141,=(60*47)+06-((60*46)+24)
1.107,=(60*47)+07-((60*46)+24)
1.229,=(60*47)+08-((60*46)+24)
1.214,=(60*47)+09-((60*46)+24)
1.066,=(60*47)+10-((60*46)+24)
1.191,=(60*47)+11-((60*46)+24)
1.140,=(60*47)+11-((60*46)+24)
1.107,=(60*47)+12-((60*46)+24)
1.205,=(60*47)+13-((60*46)+24)
1.090,=(60*47)+14-((60*46)+24)
1.198,=(60*47)+15-((60*46)+24)
1.296,=(60*47)+16-((60*46)+24)
1.029,=(60*47)+17-((60*46)+24)
1.060,=(60*47)+18-((60*46)+24)
1.180,=(60*47)+19-((60*46)+24)
1.090,=(60*47)+20-((60*46)+24)
1.201,=(60*47)+21-((60*46)+24)
1.183,=(60*47)+22-((60*46)+24)
1.049,=(60*47)+23-((60*46)+24)
1.193,=(60*47)+24-((60*46)+24)
1.176,=(60*47)+25-((60*46)+24)
1.041,=(60*47)+26-((60*46)+24)
1.082,=(60*47)+27-((60*46)+24)
1.149,=(60*47)+28-((60*46)+24)
1.107,=(60*47)+28-((60*46)+24)
1.202,=(60*47)+29-((60*46)+24)
1.295,=(60*47)+30-((60*46)+24)
1.017,=(60*47)+31-((60*46)+24)
1.048,=(60*47)+32-((60*46)+24)
1.157,=(60*47)+33-((60*46)+24)
1.046,=(60*47)+34-((60*46)+24)
1.069,=(60*47)+35-((60*46)+24)
1.181,=(60*47)+36-((60*46)+24)
1.054,=(60*47)+37-((60*46)+24)
1.095,=(60*47)+38-((60*46)+24)
1.133,=(60*47)+39-((60*46)+24)
1.054,=(60*47)+40-((60*46)+24)
1.224,=(60*47)+41-((60*46)+24)
1.170,=(60*47)+42-((60*46)+24)
1.054,=(60*47)+43-((60*46)+24)
1.140,=(60*47)+43-((60*46)+24)
1.120,=(60*47)+44-((60*46)+24)
1.025,=(60*47)+45-((60*46)+24)
1.112,=(60*47)+46-((60*46)+24)
1.131,=(60*47)+47-((60*46)+24)
1.028,=(60*47)+48-((60*46)+24)
1.089,=(60*47)+49-((60*46)+24)
1.125,=(60*47)+50-((60*46)+24)
1.077,=(60*47)+51-((60*46)+24)
1.137,=(60*47)+52-((60*46)+24)
1.069,=(60*47)+53-((60*46)+24)
1.081,=(60*47)+54-((60*46)+24)
1.118,=(60*47)+55-((60*46)+24)
1.107,=(60*47)+56-((60*46)+24)
1.043,=(60*47)+57-((60*46)+24)
1.034,=(60*47)+58-((60*46)+24)
1.077,=(60*47)+58-((60*46)+24)
1.092,=(60*47)+59-((60*46)+24)
1.038,=(60*48)+00-((60*46)+24)
1.071,=(60*48)+01-((60*46)+24)
1.079,=(60*48)+02-((60*46)+24)
0.999,=(60*48)+03-((60*46)+24)
1.065,=(60*48)+04-((60*46)+24)
1.137,=(60*48)+05-((60*46)+24)
1.023,=(60*48)+05-((60*46)+24)
1.057,=(60*48)+06-((60*46)+24)
1.094,=(60*48)+07-((60*46)+24)
1.027,=(60*48)+08-((60*46)+24)
1.030,=(60*48)+09-((60*46)+24)
1.038,=(60*48)+10-((60*46)+24)
0.999,=(60*48)+11-((60*46)+24)
1.019,=(60*48)+12-((60*46)+24)
1.016,=(60*48)+12-((60*46)+24)
0.987,=(60*48)+13-((60*46)+24)
1.036,=(60*48)+14-((60*46)+24)
0.972,=(60*48)+15-((60*46)+24)
1.055,=(60*48)+16-((60*46)+24)
1.068,=(60*48)+17-((60*46)+24)
1.080,=(60*48)+18-((60*46)+24)
1.069,=(60*48)+19-((60*46)+24)
1.028,=(60*48)+20-((60*46)+24)
1.028,=(60*48)+21-((60*46)+24)
0.958,=(60*48)+22-((60*46)+24)
1.058,=(60*48)+23-((60*46)+24)
1.031,=(60*48)+24-((60*46)+24)
1.053,=(60*48)+25-((60*46)+24)
0.975,=(60*48)+26-((60*46)+24)
1.090,=(60*48)+27-((60*46)+24)
1.156,=(60*48)+27-((60*46)+24)
0.996,=(60*48)+28-((60*46)+24)
1.056,=(60*48)+29-((60*46)+24)
1.037,=(60*48)+30-((60*46)+24)
1.047,=(60*48)+31-((60*46)+24)
1.042,=(60*48)+32-((60*46)+24)
0.973,=(60*48)+33-((60*46)+24)
0.951,=(60*48)+34-((60*46)+24)
0.967,=(60*48)+35-((60*46)+24)
1.072,=(60*48)+36-((60*46)+24)
1.064,=(60*48)+37-((60*46)+24)
1.032,=(60*48)+38-((60*46)+24)
1.054,=(60*48)+39-((60*46)+24)
1.061,=(60*48)+40-((60*46)+24)
1.012,=(60*48)+41-((60*46)+24)
1.094,=(60*48)+42-((60*46)+24)
1.006,=(60*48)+43-((60*46)+24)
0.977,=(60*48)+44-((60*46)+24)
1.044,=(60*48)+44-((60*46)+24)
1.008,=(60*48)+45-((60*46)+24)
0.962,=(60*48)+46-((60*46)+24)
0.960,=(60*48)+47-((60*46)+24)
1.045,=(60*48)+48-((60*46)+24)
1.072,=(60*48)+49-((60*46)+24)
1.033,=(60*48)+50-((60*46)+24)
1.062,=(60*48)+51-((60*46)+24)
1.029,=(60*48)+52-((60*46)+24)
1.028,=(60*48)+53-((60*46)+24)
0.971,=(60*48)+54-((60*46)+24)
0.929,=(60*48)+55-((60*46)+24)
0.975,=(60*48)+56-((60*46)+24)
0.973,=(60*48)+57-((60*46)+24)
1.025,=(60*48)+58-((60*46)+24)
1.058,=(60*48)+59-((60*46)+24)
1.014,=(60*48)+59-((60*46)+24)
1.033,=(60*49)+00-((60*46)+24)
1.063,=(60*49)+01-((60*46)+24)
0.951,=(60*49)+02-((60*46)+24)
0.883,=(60*49)+03-((60*46)+24)
0.889,=(60*49)+04-((60*46)+24)
0.924,=(60*49)+05-((60*46)+24)
1.004,=(60*49)+05-((60*46)+24)
1.039,=(60*49)+06-((60*46)+24)
1.006,=(60*49)+07-((60*46)+24)
1.024,=(60*49)+08-((60*46)+24)
0.928,=(60*49)+09-((60*46)+24)
1.003,=(60*49)+10-((60*46)+24)
1.005,=(60*49)+11-((60*46)+24)
1.009,=(60*49)+11-((60*46)+24)
0.931,=(60*49)+12-((60*46)+24)
0.897,=(60*49)+13-((60*46)+24)
1.109,=(60*49)+14-((60*46)+24)
1.039,=(60*49)+15-((60*46)+24)
1.008,=(60*49)+16-((60*46)+24)
1.009,=(60*49)+17-((60*46)+24)
0.960,=(60*49)+18-((60*46)+24)
1.020,=(60*49)+19-((60*46)+24)
1.047,=(60*49)+20-((60*46)+24)
1.044,=(60*49)+21-((60*46)+24)
0.989,=(60*49)+22-((60*46)+24)
1.004,=(60*49)+23-((60*46)+24)
1.132,=(60*49)+24-((60*46)+24)
1.002,=(60*49)+25-((60*46)+24)
0.927,=(60*49)+26-((60*46)+24)
0.970,=(60*49)+27-((60*46)+24)
1.032,=(60*49)+28-((60*46)+24)
0.983,=(60*49)+28-((60*46)+24)
0.987,=(60*49)+29-((60*46)+24)
0.901,=(60*49)+30-((60*46)+24)
0.946,=(60*49)+31-((60*46)+24)
0.904,=(60*49)+32-((60*46)+24)
0.971,=(60*49)+33-((60*46)+24)
1.130,=(60*49)+34-((60*46)+24)
1.025,=(60*49)+35-((60*46)+24)
1.025,=(60*49)+36-((60*46)+24)
1.022,=(60*49)+37-((60*46)+24)
0.972,=(60*49)+38-((60*46)+24)
0.893,=(60*49)+39-((60*46)+24)
0.988,=(60*49)+40-((60*46)+24)
1.037,=(60*49)+41-((60*46)+24)
0.984,=(60*49)+42-((60*46)+24)
1.121,=(60*49)+42-((60*46)+24)
1.025,=(60*49)+43-((60*46)+24)
0.970,=(60*49)+44-((60*46)+24)
0.953,=(60*49)+45-((60*46)+24)
0.950,=(60*49)+46-((60*46)+24)
0.957,=(60*49)+47-((60*46)+24)
0.949,=(60*49)+48-((60*46)+24)
0.954,=(60*49)+49-((60*46)+24)
0.994,=(60*49)+50-((60*46)+24)
0.958,=(60*49)+51-((60*46)+24)
1.028,=(60*49)+52-((60*46)+24)
1.104,=(60*49)+53-((60*46)+24)
0.984,=(60*49)+54-((60*46)+24)
0.973,=(60*49)+55-((60*46)+24)
0.944,=(60*49)+56-((60*46)+24)
0.989,=(60*49)+57-((60*46)+24)
0.956,=(60*49)+57-((60*46)+24)
0.985,=(60*49)+58-((60*46)+24)
1.030,=(60*49)+59-((60*46)+24)
1.066,=(60*50)+00-((60*46)+24)
0.994,=(60*50)+01-((60*46)+24)
0.999,=(60*50)+02-((60*46)+24)
1.057,=(60*50)+03-((60*46)+24)
1.044,=(60*50)+04-((60*46)+24)
0.977,=(60*50)+05-((60*46)+24)
1.019,=(60*50)+05-((60*46)+24)
1.013,=(60*50)+06-((60*46)+24)
0.940,=(60*50)+07-((60*46)+24)
1.029,=(60*50)+08-((60*46)+24)
1.090,=(60*50)+09-((60*46)+24)
1.073,=(60*50)+10-((60*46)+24)
1.034,=(60*50)+11-((60*46)+24)
1.062,=(60*50)+11-((60*46)+24)
1.008,=(60*50)+12-((60*46)+24)
1.015,=(60*50)+13-((60*46)+24)
0.989,=(60*50)+14-((60*46)+24)
0.950,=(60*50)+15-((60*46)+24)
0.982,=(60*50)+16-((60*46)+24)
1.079,=(60*50)+17-((60*46)+24)
1.090,=(60*50)+18-((60*46)+24)
1.015,=(60*50)+19-((60*46)+24)
1.038,=(60*50)+20-((60*46)+24)
1.108,=(60*50)+21-((60*46)+24)
0.962,=(60*50)+22-((60*46)+24)
1.103,=(60*50)+23-((60*46)+24)
1.174,=(60*50)+24-((60*46)+24)
0.928,=(60*50)+25-((60*46)+24)
0.891,=(60*50)+25-((60*46)+24)
0.956,=(60*50)+26-((60*46)+24)
0.985,=(60*50)+27-((60*46)+24)
0.950,=(60*50)+28-((60*46)+24)
1.072,=(60*50)+29-((60*46)+24)
0.989,=(60*50)+30-((60*46)+24)
0.954,=(60*50)+31-((60*46)+24)
1.011,=(60*50)+32-((60*46)+24)
0.958,=(60*50)+33-((60*46)+24)
0.938,=(60*50)+34-((60*46)+24)
1.002,=(60*50)+35-((60*46)+24)
0.971,=(60*50)+36-((60*46)+24)
0.931,=(60*50)+37-((60*46)+24)
0.975,=(60*50)+38-((60*46)+24)
0.953,=(60*50)+39-((60*46)+24)
0.971,=(60*50)+40-((60*46)+24)
0.958,=(60*50)+41-((60*46)+24)
0.950,=(60*50)+41-((60*46)+24)
0.883,=(60*50)+42-((60*46)+24)
0.974,=(60*50)+43-((60*46)+24)
0.964,=(60*50)+44-((60*46)+24)
0.975,=(60*50)+45-((60*46)+24)
0.981,=(60*50)+46-((60*46)+24)
0.922,=(60*50)+47-((60*46)+24)
0.949,=(60*50)+48-((60*46)+24)
0.950,=(60*50)+49-((60*46)+24)
0.933,=(60*50)+50-((60*46)+24)
0.983,=(60*50)+51-((60*46)+24)
0.987,=(60*50)+52-((60*46)+24)
0.953,=(60*50)+53-((60*46)+24)
0.969,=(60*50)+54-((60*46)+24)
0.957,=(60*50)+55-((60*46)+24)
1.020,=(60*50)+56-((60*46)+24)
0.913,=(60*50)+56-((60*46)+24)
1.050,=(60*50)+57-((60*46)+24)
1.111,=(60*50)+58-((60*46)+24)
0.986,=(60*50)+59-((60*46)+24)
0.986,=(60*51)+00-((60*46)+24)
1.020,=(60*51)+01-((60*46)+24)
0.958,=(60*51)+02-((60*46)+24)
0.947,=(60*51)+03-((60*46)+24)
0.956,=(60*51)+04-((60*46)+24)
0.848,=(60*51)+04-((60*46)+24)
0.855,=(60*51)+05-((60*46)+24)
0.884,=(60*51)+06-((60*46)+24)
0.913,=(60*51)+07-((60*46)+24)
0.937,=(60*51)+08-((60*46)+24)
0.990,=(60*51)+09-((60*46)+24)
0.949,=(60*51)+09-((60*46)+24)
0.987,=(60*51)+10-((60*46)+24)
1.016,=(60*51)+11-((60*46)+24)
0.927,=(60*51)+12-((60*46)+24)
0.985,=(60*51)+13-((60*46)+24)
1.084,=(60*51)+14-((60*46)+24)
0.997,=(60*51)+15-((60*46)+24)
0.947,=(60*51)+16-((60*46)+24)
1.005,=(60*51)+17-((60*46)+24)
0.965,=(60*51)+18-((60*46)+24)
0.910,=(60*51)+19-((60*46)+24)
0.936,=(60*51)+20-((60*46)+24)
0.900,=(60*51)+21-((60*46)+24)
0.895,=(60*51)+22-((60*46)+24)
0.958,=(60*51)+22-((60*46)+24)
0.966,=(60*51)+23-((60*46)+24)
0.992,=(60*51)+24-((60*46)+24)
1.003,=(60*51)+25-((60*46)+24)
1.031,=(60*51)+26-((60*46)+24)
1.022,=(60*51)+27-((60*46)+24)
0.966,=(60*51)+28-((60*46)+24)
0.918,=(60*51)+29-((60*46)+24)
0.922,=(60*51)+30-((60*46)+24)
0.948,=(60*51)+31-((60*46)+24)
0.991,=(60*51)+32-((60*46)+24)
0.963,=(60*51)+33-((60*46)+24)
0.972,=(60*51)+34-((60*46)+24)
1.008,=(60*51)+35-((60*46)+24)
0.950,=(60*51)+36-((60*46)+24)
0.938,=(60*51)+36-((60*46)+24)
0.987,=(60*51)+37-((60*46)+24)
1.004,=(60*51)+38-((60*46)+24)
0.988,=(60*51)+39-((60*46)+24)
1.005,=(60*51)+40-((60*46)+24)
0.896,=(60*51)+41-((60*46)+24)
0.913,=(60*51)+42-((60*46)+24)
1.023,=(60*51)+43-((60*46)+24)
0.953,=(60*51)+44-((60*46)+24)
1.098,=(60*51)+45-((60*46)+24)
1.040,=(60*51)+46-((60*46)+24)
0.957,=(60*51)+47-((60*46)+24)
0.973,=(60*51)+48-((60*46)+24)
1.101,=(60*51)+49-((60*46)+24)
1.005,=(60*51)+50-((60*46)+24)
1.012,=(60*51)+51-((60*46)+24)
0.852,=(60*51)+51-((60*46)+24)
0.851,=(60*51)+52-((60*46)+24)
0.942,=(60*51)+53-((60*46)+24)
1.029,=(60*51)+54-((60*46)+24)
1.028,=(60*51)+55-((60*46)+24)
0.928,=(60*51)+56-((60*46)+24)
0.979,=(60*51)+57-((60*46)+24)
0.974,=(60*51)+58-((60*46)+24)
0.937,=(60*51)+59-((60*46)+24)
0.973,=(60*52)+00-((60*46)+24)
0.939,=(60*52)+01-((60*46)+24)
0.858,=(60*52)+02-((60*46)+24)
0.977,=(60*52)+02-((60*46)+24)
1.064,=(60*52)+03-((60*46)+24)
1.003,=(60*52)+04-((60*46)+24)
0.962,=(60*52)+05-((60*46)+24)
0.990,=(60*52)+06-((60*46)+24)
0.976,=(60*52)+07-((60*46)+24)
0.948,=(60*52)+07-((60*46)+24)
0.936,=(60*52)+08-((60*46)+24)
0.932,=(60*52)+09-((60*46)+24)
0.899,=(60*52)+10-((60*46)+24)
0.975,=(60*52)+11-((60*46)+24)
0.888,=(60*52)+12-((60*46)+24)
0.916,=(60*52)+13-((60*46)+24)
0.998,=(60*52)+14-((60*46)+24)
0.931,=(60*52)+15-((60*46)+24)
0.935,=(60*52)+16-((60*46)+24)
1.031,=(60*52)+17-((60*46)+24)
0.957,=(60*52)+17-((60*46)+24)
0.919,=(60*52)+18-((60*46)+24)
0.961,=(60*52)+19-((60*46)+24)
0.904,=(60*52)+20-((60*46)+24)
0.992,=(60*52)+21-((60*46)+24)
0.877,=(60*52)+22-((60*46)+24)
0.892,=(60*52)+23-((60*46)+24)
0.980,=(60*52)+24-((60*46)+24)
1.061,=(60*52)+25-((60*46)+24)
1.011,=(60*52)+26-((60*46)+24)
1.023,=(60*52)+27-((60*46)+24)
1.084,=(60*52)+28-((60*46)+24)
0.982,=(60*52)+29-((60*46)+24)
1.023,=(60*52)+30-((60*46)+24)
0.952,=(60*52)+31-((60*46)+24)
0.914,=(60*52)+32-((60*46)+24)
0.994,=(60*52)+32-((60*46)+24)
0.962,=(60*52)+33-((60*46)+24)
0.974,=(60*52)+34-((60*46)+24)
0.938,=(60*52)+35-((60*46)+24)
1.031,=(60*52)+36-((60*46)+24)
0.971,=(60*52)+37-((60*46)+24)
0.962,=(60*52)+38-((60*46)+24)
0.871,=(60*52)+39-((60*46)+24)
1.019,=(60*52)+40-((60*46)+24)
1.016,=(60*52)+41-((60*46)+24)
0.903,=(60*52)+42-((60*46)+24)
0.937,=(60*52)+43-((60*46)+24)
0.934,=(60*52)+44-((60*46)+24)
0.960,=(60*52)+45-((60*46)+24)
0.890,=(60*52)+46-((60*46)+24)
0.969,=(60*52)+47-((60*46)+24)
0.986,=(60*52)+48-((60*46)+24)
0.870,=(60*52)+48-((60*46)+24)
0.958,=(60*52)+49-((60*46)+24)
0.962,=(60*52)+50-((60*46)+24)
0.957,=(60*52)+51-((60*46)+24)
0.925,=(60*52)+52-((60*46)+24)
0.970,=(60*52)+53-((60*46)+24)
1.046,=(60*52)+54-((60*46)+24)
0.934,=(60*52)+55-((60*46)+24)
0.936,=(60*52)+56-((60*46)+24)
0.873,=(60*52)+57-((60*46)+24)
1.039,=(60*52)+58-((60*46)+24)
1.039,=(60*52)+59-((60*46)+24)
0.986,=(60*53)+00-((60*46)+24)
1.013,=(60*53)+00-((60*46)+24)
1.033,=(60*53)+01-((60*46)+24)
0.916,=(60*53)+02-((60*46)+24)
0.914,=(60*53)+03-((60*46)+24)
0.920,=(60*53)+04-((60*46)+24)
0.888,=(60*53)+05-((60*46)+24)
0.881,=(60*53)+06-((60*46)+24)
0.958,=(60*53)+06-((60*46)+24)
0.970,=(60*53)+07-((60*46)+24)
0.968,=(60*53)+08-((60*46)+24)
0.962,=(60*53)+09-((60*46)+24)
0.950,=(60*53)+10-((60*46)+24)
0.849,=(60*53)+11-((60*46)+24)
0.951,=(60*53)+12-((60*46)+24)
1.124,=(60*53)+12-((60*46)+24)
1.040,=(60*53)+14-((60*46)+24)
0.984,=(60*53)+14-((60*46)+24)
1.046,=(60*53)+15-((60*46)+24)
0.947,=(60*53)+16-((60*46)+24)
0.906,=(60*53)+17-((60*46)+24)
0.897,=(60*53)+18-((60*46)+24)
0.971,=(60*53)+19-((60*46)+24)
0.976,=(60*53)+20-((60*46)+24)
0.931,=(60*53)+21-((60*46)+24)
0.969,=(60*53)+22-((60*46)+24)
0.999,=(60*53)+23-((60*46)+24)
0.987,=(60*53)+24-((60*46)+24)
0.949,=(60*53)+25-((60*46)+24)
0.930,=(60*53)+26-((60*46)+24)
0.864,=(60*53)+27-((60*46)+24)
0.914,=(60*53)+28-((60*46)+24)
1.006,=(60*53)+28-((60*46)+24)
1.055,=(60*53)+29-((60*46)+24)
1.029,=(60*53)+30-((60*46)+24)
1.029,=(60*53)+31-((60*46)+24)
0.982,=(60*53)+32-((60*46)+24)
0.943,=(60*53)+33-((60*46)+24)
0.938,=(60*53)+34-((60*46)+24)
1.017,=(60*53)+35-((60*46)+24)
0.976,=(60*53)+36-((60*46)+24)
0.885,=(60*53)+37-((60*46)+24)
1.038,=(60*53)+38-((60*46)+24)
1.057,=(60*53)+39-((60*46)+24)
0.960,=(60*53)+40-((60*46)+24)
0.951,=(60*53)+41-((60*46)+24)
0.917,=(60*53)+42-((60*46)+24)
0.897,=(60*53)+43-((60*46)+24)
0.941,=(60*53)+43-((60*46)+24)
0.916,=(60*53)+44-((60*46)+24)
0.961,=(60*53)+45-((60*46)+24)
0.901,=(60*53)+46-((60*46)+24)
0.903,=(60*53)+47-((60*46)+24)
0.985,=(60*53)+48-((60*46)+24)
0.954,=(60*53)+49-((60*46)+24)
0.995,=(60*53)+50-((60*46)+24)
0.984,=(60*53)+51-((60*46)+24)
0.888,=(60*53)+52-((60*46)+24)
0.989,=(60*53)+53-((60*46)+24)
1.019,=(60*53)+54-((60*46)+24)
0.947,=(60*53)+55-((60*46)+24)
0.864,=(60*53)+56-((60*46)+24)
0.887,=(60*53)+57-((60*46)+24)
0.833,=(60*53)+58-((60*46)+24)
0.893,=(60*53)+59-((60*46)+24)
0.927,=(60*53)+59-((60*46)+24)
1.068,=(60*54)+00-((60*46)+24)
1.006,=(60*54)+01-((60*46)+24)
0.978,=(60*54)+02-((60*46)+24)
0.896,=(60*54)+03-((60*46)+24)
0.962,=(60*54)+04-((60*46)+24)
0.970,=(60*54)+05-((60*46)+24)
0.922,=(60*54)+05-((60*46)+24)
0.935,=(60*54)+06-((60*46)+24)
0.918,=(60*54)+07-((60*46)+24)
0.929,=(60*54)+08-((60*46)+24)
0.956,=(60*54)+09-((60*46)+24)
0.959,=(60*54)+10-((60*46)+24)
1.021,=(60*54)+10-((60*46)+24)
1.028,=(60*54)+11-((60*46)+24)
1.001,=(60*54)+12-((60*46)+24)
1.024,=(60*54)+13-((60*46)+24)
0.976,=(60*54)+14-((60*46)+24)
0.910,=(60*54)+15-((60*46)+24)
0.926,=(60*54)+16-((60*46)+24)
0.984,=(60*54)+17-((60*46)+24)
0.966,=(60*54)+18-((60*46)+24)
0.989,=(60*54)+19-((60*46)+24)
0.977,=(60*54)+20-((60*46)+24)
1.005,=(60*54)+21-((60*46)+24)
0.980,=(60*54)+22-((60*46)+24)
1.181,=(60*54)+23-((60*46)+24)
1.017,=(60*54)+24-((60*46)+24)
1.030,=(60*54)+25-((60*46)+24)
1.005,=(60*54)+25-((60*46)+24)
0.859,=(60*54)+26-((60*46)+24)
0.867,=(60*54)+27-((60*46)+24)
1.001,=(60*54)+28-((60*46)+24)
1.038,=(60*54)+29-((60*46)+24)
1.015,=(60*54)+30-((60*46)+24)
1.059,=(60*54)+31-((60*46)+24)
0.957,=(60*54)+32-((60*46)+24)
1.005,=(60*54)+33-((60*46)+24)
0.916,=(60*54)+34-((60*46)+24)
0.906,=(60*54)+35-((60*46)+24)
0.942,=(60*54)+36-((60*46)+24)
1.036,=(60*54)+37-((60*46)+24)
0.926,=(60*54)+38-((60*46)+24)
1.039,=(60*54)+39-((60*46)+24)
0.973,=(60*54)+40-((60*46)+24)
0.951,=(60*54)+41-((60*46)+24)
0.980,=(60*54)+41-((60*46)+24)
0.893,=(60*54)+42-((60*46)+24)
0.961,=(60*54)+43-((60*46)+24)
0.955,=(60*54)+44-((60*46)+24)
0.957,=(60*54)+45-((60*46)+24)
1.007,=(60*54)+46-((60*46)+24)
0.969,=(60*54)+47-((60*46)+24)
0.986,=(60*54)+48-((60*46)+24)
0.936,=(60*54)+49-((60*46)+24)
1.006,=(60*54)+50-((60*46)+24)
1.139,=(60*54)+51-((60*46)+24)
0.984,=(60*54)+52-((60*46)+24)
0.977,=(60*54)+53-((60*46)+24)
1.003,=(60*54)+54-((60*46)+24)
0.976,=(60*54)+55-((60*46)+24)
0.933,=(60*54)+56-((60*46)+24)
1.012,=(60*54)+56-((60*46)+24)
1.027,=(60*54)+57-((60*46)+24)
0.941,=(60*54)+58-((60*46)+24)
0.898,=(60*54)+59-((60*46)+24)
1.094,=(60*55)+00-((60*46)+24)
1.028,=(60*55)+01-((60*46)+24)
1.068,=(60*55)+02-((60*46)+24)
1.206,=(60*55)+03-((60*46)+24)
0.985,=(60*55)+04-((60*46)+24)
0.959,=(60*55)+04-((60*46)+24)
1.126,=(60*55)+05-((60*46)+24)
1.047,=(60*55)+06-((60*46)+24)
0.919,=(60*55)+07-((60*46)+24)
0.975,=(60*55)+08-((60*46)+24)
1.000,=(60*55)+09-((60*46)+24)
0.860,=(60*55)+09-((60*46)+24)
0.820,=(60*55)+10-((60*46)+24)
0.898,=(60*55)+11-((60*46)+24)
0.962,=(60*55)+12-((60*46)+24)
1.099,=(60*55)+13-((60*46)+24)
1.035,=(60*55)+14-((60*46)+24)
0.995,=(60*55)+15-((60*46)+24)
0.981,=(60*55)+16-((60*46)+24)
0.944,=(60*55)+17-((60*46)+24)
0.917,=(60*55)+18-((60*46)+24)
0.883,=(60*55)+19-((60*46)+24)
0.891,=(60*55)+20-((60*46)+24)
1.006,=(60*55)+21-((60*46)+24)
0.979,=(60*55)+22-((60*46)+24)
1.014,=(60*55)+22-((60*46)+24)
1.060,=(60*55)+23-((60*46)+24)
0.946,=(60*55)+24-((60*46)+24)
0.944,=(60*55)+25-((60*46)+24)
0.932,=(60*55)+26-((60*46)+24)
0.901,=(60*55)+27-((60*46)+24)
0.944,=(60*55)+28-((60*46)+24)
0.951,=(60*55)+29-((60*46)+24)
0.926,=(60*55)+30-((60*46)+24)
0.989,=(60*55)+31-((60*46)+24)
1.070,=(60*55)+32-((60*46)+24)
0.992,=(60*55)+33-((60*46)+24)
0.962,=(60*55)+34-((60*46)+24)
1.032,=(60*55)+35-((60*46)+24)
0.958,=(60*55)+36-((60*46)+24)
0.934,=(60*55)+37-((60*46)+24)
0.985,=(60*55)+37-((60*46)+24)
0.950,=(60*55)+38-((60*46)+24)
1.012,=(60*55)+39-((60*46)+24)
1.012,=(60*55)+40-((60*46)+24)
1.041,=(60*55)+41-((60*46)+24)
1.048,=(60*55)+42-((60*46)+24)
0.940,=(60*55)+43-((60*46)+24)
1.015,=(60*55)+44-((60*46)+24)
0.952,=(60*55)+45-((60*46)+24)
0.994,=(60*55)+46-((60*46)+24)
1.019,=(60*55)+47-((60*46)+24)
0.967,=(60*55)+48-((60*46)+24)
1.029,=(60*55)+49-((60*46)+24)
0.991,=(60*55)+50-((60*46)+24)
1.036,=(60*55)+51-((60*46)+24)
1.115,=(60*55)+52-((60*46)+24)
0.960,=(60*55)+53-((60*46)+24)
0.919,=(60*55)+53-((60*46)+24)
0.952,=(60*55)+54-((60*46)+24)
1.054,=(60*55)+55-((60*46)+24)
1.111,=(60*55)+56-((60*46)+24)
0.990,=(60*55)+57-((60*46)+24)
1.017,=(60*55)+58-((60*46)+24)
1.008,=(60*55)+59-((60*46)+24)
0.977,=(60*56)+00-((60*46)+24)
0.950,=(60*56)+01-((60*46)+24)
1.016,=(60*56)+02-((60*46)+24)
0.992,=(60*56)+03-((60*46)+24)
0.901,=(60*56)+03-((60*46)+24)
0.960,=(60*56)+04-((60*46)+24)
1.041,=(60*56)+05-((60*46)+24)
0.948,=(60*56)+06-((60*46)+24)
1.052,=(60*56)+07-((60*46)+24)
1.056,=(60*56)+08-((60*46)+24)
0.938,=(60*56)+08-((60*46)+24)
1.021,=(60*56)+09-((60*46)+24)
0.973,=(60*56)+10-((60*46)+24)
0.998,=(60*56)+11-((60*46)+24)
0.956,=(60*56)+12-((60*46)+24)
0.887,=(60*56)+13-((60*46)+24)
1.060,=(60*56)+14-((60*46)+24)
0.937,=(60*56)+15-((60*46)+24)
1.016,=(60*56)+16-((60*46)+24)
1.006,=(60*56)+17-((60*46)+24)
0.982,=(60*56)+18-((60*46)+24)
0.967,=(60*56)+18-((60*46)+24)
0.965,=(60*56)+19-((60*46)+24)
0.961,=(60*56)+20-((60*46)+24)
0.979,=(60*56)+21-((60*46)+24)
0.974,=(60*56)+22-((60*46)+24)
0.980,=(60*56)+23-((60*46)+24)
0.893,=(60*56)+24-((60*46)+24)
0.976,=(60*56)+25-((60*46)+24)
1.056,=(60*56)+26-((60*46)+24)
1.050,=(60*56)+27-((60*46)+24)
1.017,=(60*56)+28-((60*46)+24)
1.071,=(60*56)+29-((60*46)+24)
0.971,=(60*56)+30-((60*46)+24)
0.880,=(60*56)+31-((60*46)+24)
1.003,=(60*56)+32-((60*46)+24)
1.041,=(60*56)+33-((60*46)+24)
0.888,=(60*56)+34-((60*46)+24)
0.836,=(60*56)+34-((60*46)+24)
0.792,=(60*56)+35-((60*46)+24)
0.908,=(60*56)+36-((60*46)+24)
0.966,=(60*56)+37-((60*46)+24)
0.996,=(60*56)+38-((60*46)+24)
1.005,=(60*56)+39-((60*46)+24)
0.916,=(60*56)+40-((60*46)+24)
0.968,=(60*56)+41-((60*46)+24)
0.853,=(60*56)+42-((60*46)+24)
0.812,=(60*56)+43-((60*46)+24)
0.787,=(60*56)+44-((60*46)+24)
0.982,=(60*56)+45-((60*46)+24)
1.022,=(60*56)+46-((60*46)+24)
0.990,=(60*56)+47-((60*46)+24)
0.912,=(60*56)+48-((60*46)+24)
0.845,=(60*56)+49-((60*46)+24)
0.796,=(60*56)+49-((60*46)+24)
0.818,=(60*56)+50-((60*46)+24)
1.058,=(60*59)+30-((60*46)+24)
1.043,=(60*59)+31-((60*46)+24)
1.078,=(60*59)+32-((60*46)+24)
1.072,=(60*59)+33-((60*46)+24)
1.019,=(60*59)+34-((60*46)+24)
1.074,=(60*59)+35-((60*46)+24)
1.091,=(60*59)+36-((60*46)+24)
1.103,=(60*59)+37-((60*46)+24)
1.102,=(60*59)+38-((60*46)+24)
1.064,=(60*59)+39-((60*46)+24)
1.039,=(60*59)+40-((60*46)+24)
1.077,=(60*59)+41-((60*46)+24)
1.071,=(60*59)+42-((60*46)+24)
1.084,=(60*59)+43-((60*46)+24)
1.126,=(60*59)+44-((60*46)+24)
1.179,=(60*59)+44-((60*46)+24)
1.084,=(60*59)+45-((60*46)+24)
1.110,=(60*59)+46-((60*46)+24)
1.128,=(60*59)+47-((60*46)+24)
1.099,=(60*59)+48-((60*46)+24)
1.066,=(60*59)+49-((60*46)+24)
1.085,=(60*59)+50-((60*46)+24)
1.113,=(60*59)+51-((60*46)+24)
1.095,=(60*59)+52-((60*46)+24)
1.101,=(60*59)+53-((60*46)+24)
1.203,=(60*59)+54-((60*46)+24)
1.311,=(60*59)+55-((60*46)+24)
1.247,=(60*59)+56-((60*46)+24)
1.090,=(60*59)+57-((60*46)+24)
1.070,=(60*59)+58-((60*46)+24)
1.117,=(60*59)+59-((60*46)+24)
1.116,=3600+(60*00)+00-((60*46)+24)
1.162,=3600+(60*00)+00-((60*46)+24)
1.156,=3600+(60*00)+01-((60*46)+24)
1.256,=3600+(60*00)+02-((60*46)+24)
1.307,=3600+(60*00)+03-((60*46)+24)
1.176,=3600+(60*00)+04-((60*46)+24)
1.174,=3600+(60*00)+05-((60*46)+24)
1.130,=3600+(60*00)+05-((60*46)+24)
1.112,=3600+(60*00)+06-((60*46)+24)
1.103,=3600+(60*00)+07-((60*46)+24)
1.141,=3600+(60*00)+08-((60*46)+24)
1.216,=3600+(60*00)+09-((60*46)+24)
1.229,=3600+(60*00)+10-((60*46)+24)
1.218,=3600+(60*00)+11-((60*46)+24)
1.198,=3600+(60*00)+12-((60*46)+24)
1.110,=3600+(60*00)+12-((60*46)+24)
1.118,=3600+(60*00)+13-((60*46)+24)
1.149,=3600+(60*00)+14-((60*46)+24)
1.189,=3600+(60*00)+15-((60*46)+24)
1.238,=3600+(60*00)+16-((60*46)+24)
1.246,=3600+(60*00)+17-((60*46)+24)
1.200,=3600+(60*00)+18-((60*46)+24)
1.271,=3600+(60*00)+19-((60*46)+24)
1.272,=3600+(60*00)+20-((60*46)+24)
1.199,=3600+(60*00)+21-((60*46)+24)
1.050,=3600+(60*00)+22-((60*46)+24)
1.189,=3600+(60*00)+23-((60*46)+24)
1.254,=3600+(60*00)+24-((60*46)+24)
1.292,=3600+(60*00)+25-((60*46)+24)
1.256,=3600+(60*00)+26-((60*46)+24)
1.099,=3600+(60*00)+27-((60*46)+24)
1.151,=3600+(60*00)+27-((60*46)+24)
1.237,=3600+(60*00)+29-((60*46)+24)
1.259,=3600+(60*00)+29-((60*46)+24)
1.190,=3600+(60*00)+30-((60*46)+24)
1.230,=3600+(60*00)+31-((60*46)+24)
1.240,=3600+(60*00)+32-((60*46)+24)
1.198,=3600+(60*00)+33-((60*46)+24)
1.171,=3600+(60*00)+34-((60*46)+24)
1.157,=3600+(60*00)+35-((60*46)+24)
1.150,=3600+(60*00)+36-((60*46)+24)
1.218,=3600+(60*00)+37-((60*46)+24)
1.258,=3600+(60*00)+38-((60*46)+24)
1.220,=3600+(60*00)+39-((60*46)+24)
1.134,=3600+(60*00)+40-((60*46)+24)
1.114,=3600+(60*00)+41-((60*46)+24)
1.242,=3600+(60*00)+42-((60*46)+24)
1.255,=3600+(60*00)+43-((60*46)+24)
1.278,=3600+(60*00)+44-((60*46)+24)
1.270,=3600+(60*00)+44-((60*46)+24)
1.218,=3600+(60*00)+45-((60*46)+24)
1.213,=3600+(60*00)+46-((60*46)+24)
1.254,=3600+(60*00)+47-((60*46)+24)
1.158,=3600+(60*00)+48-((60*46)+24)
1.170,=3600+(60*00)+49-((60*46)+24)
1.209,=3600+(60*00)+50-((60*46)+24)
1.143,=3600+(60*00)+51-((60*46)+24)
1.143,=3600+(60*00)+52-((60*46)+24)
1.227,=3600+(60*00)+53-((60*46)+24)
1.316,=3600+(60*00)+54-((60*46)+24)
1.281,=3600+(60*00)+55-((60*46)+24)
1.288,=3600+(60*00)+56-((60*46)+24)
1.297,=3600+(60*00)+57-((60*46)+24)
1.265,=3600+(60*00)+58-((60*46)+24)
1.186,=3600+(60*00)+59-((60*46)+24)
1.168,=3600+(60*00)+59-((60*46)+24)
1.126,=3600+(60*01)+00-((60*46)+24)
1.167,=3600+(60*01)+01-((60*46)+24)
1.269,=3600+(60*01)+02-((60*46)+24)
1.353,=3600+(60*01)+03-((60*46)+24)
1.547,=3600+(60*01)+04-((60*46)+24)
1.597,=3600+(60*01)+05-((60*46)+24)
1.465,=3600+(60*01)+05-((60*46)+24)
1.270,=3600+(60*01)+06-((60*46)+24)
1.145,=3600+(60*01)+07-((60*46)+24)
1.226,=3600+(60*01)+08-((60*46)+24)
1.267,=3600+(60*01)+09-((60*46)+24)
1.232,=3600+(60*01)+10-((60*46)+24)
1.179,=3600+(60*01)+11-((60*46)+24)
1.259,=3600+(60*01)+12-((60*46)+24)
1.201,=3600+(60*01)+13-((60*46)+24)
1.196,=3600+(60*01)+14-((60*46)+24)
1.348,=3600+(60*01)+15-((60*46)+24)
1.332,=3600+(60*01)+15-((60*46)+24)
1.280,=3600+(60*01)+16-((60*46)+24)
1.155,=3600+(60*01)+17-((60*46)+24)
1.197,=3600+(60*01)+18-((60*46)+24)
1.204,=3600+(60*01)+19-((60*46)+24)
1.200,=3600+(60*01)+20-((60*46)+24)
1.324,=3600+(60*01)+21-((60*46)+24)
1.331,=3600+(60*01)+22-((60*46)+24)
1.148,=3600+(60*01)+23-((60*46)+24)
1.138,=3600+(60*01)+24-((60*46)+24)
1.280,=3600+(60*01)+25-((60*46)+24)
1.292,=3600+(60*01)+26-((60*46)+24)
1.298,=3600+(60*01)+27-((60*46)+24)
1.290,=3600+(60*01)+28-((60*46)+24)
1.246,=3600+(60*01)+29-((60*46)+24)
1.183,=3600+(60*01)+30-((60*46)+24)
1.201,=3600+(60*01)+31-((60*46)+24)
1.206,=3600+(60*01)+31-((60*46)+24)
1.166,=3600+(60*01)+32-((60*46)+24)
1.249,=3600+(60*01)+33-((60*46)+24)
1.306,=3600+(60*01)+34-((60*46)+24)
1.313,=3600+(60*01)+35-((60*46)+24)
1.314,=3600+(60*01)+36-((60*46)+24)
1.287,=3600+(60*01)+37-((60*46)+24)
1.171,=3600+(60*01)+38-((60*46)+24)
1.216,=3600+(60*01)+39-((60*46)+24)
1.295,=3600+(60*01)+40-((60*46)+24)
1.232,=3600+(60*01)+41-((60*46)+24)
1.157,=3600+(60*01)+42-((60*46)+24)
1.138,=3600+(60*01)+43-((60*46)+24)
1.219,=3600+(60*01)+44-((60*46)+24)
1.253,=3600+(60*01)+45-((60*46)+24)
1.329,=3600+(60*01)+46-((60*46)+24)
1.453,=3600+(60*01)+46-((60*46)+24)
1.586,=3600+(60*01)+48-((60*46)+24)
1.380,=3600+(60*01)+48-((60*46)+24)
1.092,=3600+(60*01)+49-((60*46)+24)
1.157,=3600+(60*01)+50-((60*46)+24)
1.247,=3600+(60*01)+51-((60*46)+24)
1.306,=3600+(60*01)+52-((60*46)+24)
1.368,=3600+(60*01)+53-((60*46)+24)
1.386,=3600+(60*01)+54-((60*46)+24)
1.306,=3600+(60*01)+55-((60*46)+24)
1.310,=3600+(60*01)+56-((60*46)+24)
1.194,=3600+(60*01)+57-((60*46)+24)
1.111,=3600+(60*01)+58-((60*46)+24)
1.230,=3600+(60*01)+59-((60*46)+24)
1.355,=3600+(60*02)+00-((60*46)+24)
1.374,=3600+(60*02)+01-((60*46)+24)
1.341,=3600+(60*02)+01-((60*46)+24)
1.262,=3600+(60*02)+02-((60*46)+24)
1.205,=3600+(60*02)+03-((60*46)+24)
1.151,=3600+(60*02)+04-((60*46)+24)
1.180,=3600+(60*02)+05-((60*46)+24)
1.241,=3600+(60*02)+06-((60*46)+24)
1.299,=3600+(60*02)+06-((60*46)+24)
1.322,=3600+(60*02)+07-((60*46)+24)
1.265,=3600+(60*02)+08-((60*46)+24)
1.216,=3600+(60*02)+09-((60*46)+24)
1.209,=3600+(60*02)+10-((60*46)+24)
1.281,=3600+(60*02)+11-((60*46)+24)
1.346,=3600+(60*02)+12-((60*46)+24)
1.327,=3600+(60*02)+13-((60*46)+24)
1.239,=3600+(60*02)+14-((60*46)+24)
1.179,=3600+(60*02)+14-((60*46)+24)
1.233,=3600+(60*02)+15-((60*46)+24)
1.299,=3600+(60*02)+16-((60*46)+24)
1.274,=3600+(60*02)+17-((60*46)+24)
1.249,=3600+(60*02)+18-((60*46)+24)
1.296,=3600+(60*02)+19-((60*46)+24)
1.270,=3600+(60*02)+20-((60*46)+24)
1.217,=3600+(60*02)+21-((60*46)+24)
1.153,=3600+(60*02)+22-((60*46)+24)
1.241,=3600+(60*02)+23-((60*46)+24)
1.400,=3600+(60*02)+24-((60*46)+24)
1.439,=3600+(60*02)+25-((60*46)+24)
1.365,=3600+(60*02)+26-((60*46)+24)
1.334,=3600+(60*02)+27-((60*46)+24)
1.368,=3600+(60*02)+28-((60*46)+24)
1.284,=3600+(60*02)+29-((60*46)+24)
1.149,=3600+(60*02)+30-((60*46)+24)
1.271,=3600+(60*02)+31-((60*46)+24)
1.277,=3600+(60*02)+31-((60*46)+24)
1.291,=3600+(60*02)+32-((60*46)+24)
1.427,=3600+(60*02)+33-((60*46)+24)
1.537,=3600+(60*02)+34-((60*46)+24)
1.318,=3600+(60*02)+35-((60*46)+24)
1.143,=3600+(60*02)+36-((60*46)+24)
1.292,=3600+(60*02)+37-((60*46)+24)
1.480,=3600+(60*02)+38-((60*46)+24)
1.478,=3600+(60*02)+39-((60*46)+24)
1.252,=3600+(60*02)+40-((60*46)+24)
1.105,=3600+(60*02)+41-((60*46)+24)
1.206,=3600+(60*02)+42-((60*46)+24)
1.275,=3600+(60*02)+43-((60*46)+24)
1.348,=3600+(60*02)+44-((60*46)+24)
1.429,=3600+(60*02)+45-((60*46)+24)
1.474,=3600+(60*02)+46-((60*46)+24)
1.423,=3600+(60*02)+47-((60*46)+24)
1.214,=3600+(60*02)+47-((60*46)+24)
1.162,=3600+(60*02)+48-((60*46)+24)
1.279,=3600+(60*02)+49-((60*46)+24)
1.366,=3600+(60*02)+50-((60*46)+24)
1.370,=3600+(60*02)+51-((60*46)+24)
1.307,=3600+(60*02)+52-((60*46)+24)
1.292,=3600+(60*02)+53-((60*46)+24)
1.255,=3600+(60*02)+54-((60*46)+24)
1.241,=3600+(60*02)+55-((60*46)+24)
1.256,=3600+(60*02)+56-((60*46)+24)
1.281,=3600+(60*02)+57-((60*46)+24)
1.313,=3600+(60*02)+58-((60*46)+24)
1.327,=3600+(60*02)+59-((60*46)+24)
1.287,=3600+(60*03)+00-((60*46)+24)
1.284,=3600+(60*03)+00-((60*46)+24)
1.243,=3600+(60*03)+01-((60*46)+24)
1.221,=3600+(60*03)+02-((60*46)+24)
1.242,=3600+(60*03)+03-((60*46)+24)
1.241,=3600+(60*03)+04-((60*46)+24)
1.252,=3600+(60*03)+05-((60*46)+24)
1.284,=3600+(60*03)+06-((60*46)+24)
1.352,=3600+(60*03)+07-((60*46)+24)
1.396,=3600+(60*03)+07-((60*46)+24)
1.399,=3600+(60*03)+08-((60*46)+24)
1.264,=3600+(60*03)+09-((60*46)+24)
1.257,=3600+(60*03)+10-((60*46)+24)
1.347,=3600+(60*03)+11-((60*46)+24)
1.285,=3600+(60*03)+12-((60*46)+24)
1.222,=3600+(60*03)+13-((60*46)+24)
1.237,=3600+(60*03)+14-((60*46)+24)
1.254,=3600+(60*03)+15-((60*46)+24)
1.290,=3600+(60*03)+16-((60*46)+24)
1.258,=3600+(60*03)+17-((60*46)+24)
1.253,=3600+(60*03)+17-((60*46)+24)
1.378,=3600+(60*03)+18-((60*46)+24)
1.420,=3600+(60*03)+19-((60*46)+24)
1.332,=3600+(60*03)+20-((60*46)+24)
1.272,=3600+(60*03)+21-((60*46)+24)
1.284,=3600+(60*03)+22-((60*46)+24)
1.304,=3600+(60*03)+23-((60*46)+24)
1.216,=3600+(60*03)+24-((60*46)+24)
1.157,=3600+(60*03)+25-((60*46)+24)
1.241,=3600+(60*03)+26-((60*46)+24)
1.284,=3600+(60*03)+27-((60*46)+24)
1.439,=3600+(60*03)+28-((60*46)+24)
1.593,=3600+(60*03)+29-((60*46)+24)
1.811,=3600+(60*03)+30-((60*46)+24)
1.792,=3600+(60*03)+31-((60*46)+24)
1.502,=3600+(60*03)+32-((60*46)+24)
1.198,=3600+(60*03)+32-((60*46)+24)
1.147,=3600+(60*03)+33-((60*46)+24)
1.210,=3600+(60*03)+34-((60*46)+24)
1.268,=3600+(60*03)+35-((60*46)+24)
1.332,=3600+(60*03)+36-((60*46)+24)
1.330,=3600+(60*03)+37-((60*46)+24)
1.397,=3600+(60*03)+38-((60*46)+24)
1.507,=3600+(60*03)+39-((60*46)+24)
1.630,=3600+(60*03)+40-((60*46)+24)
1.485,=3600+(60*03)+41-((60*46)+24)
1.193,=3600+(60*03)+42-((60*46)+24)
1.223,=3600+(60*03)+43-((60*46)+24)
1.298,=3600+(60*03)+44-((60*46)+24)
1.260,=3600+(60*03)+45-((60*46)+24)
1.268,=3600+(60*03)+46-((60*46)+24)
1.283,=3600+(60*03)+47-((60*46)+24)
1.341,=3600+(60*03)+48-((60*46)+24)
1.433,=3600+(60*03)+49-((60*46)+24)
1.479,=3600+(60*03)+49-((60*46)+24)
1.491,=3600+(60*03)+50-((60*46)+24)
1.351,=3600+(60*03)+51-((60*46)+24)
1.238,=3600+(60*03)+52-((60*46)+24)
1.323,=3600+(60*03)+53-((60*46)+24)
1.331,=3600+(60*03)+54-((60*46)+24)
1.258,=3600+(60*03)+55-((60*46)+24)
1.227,=3600+(60*03)+56-((60*46)+24)
1.268,=3600+(60*03)+57-((60*46)+24)
1.329,=3600+(60*03)+58-((60*46)+24)
1.420,=3600+(60*03)+59-((60*46)+24)
1.424,=3600+(60*04)+00-((60*46)+24)
1.418,=3600+(60*04)+01-((60*46)+24)
1.500,=3600+(60*04)+01-((60*46)+24)
1.546,=3600+(60*04)+02-((60*46)+24)
1.550,=3600+(60*04)+03-((60*46)+24)
1.281,=3600+(60*04)+04-((60*46)+24)
1.200,=3600+(60*04)+05-((60*46)+24)
1.231,=3600+(60*04)+06-((60*46)+24)
1.260,=3600+(60*04)+06-((60*46)+24)
1.300,=3600+(60*04)+07-((60*46)+24)
1.430,=3600+(60*04)+08-((60*46)+24)
1.531,=3600+(60*04)+09-((60*46)+24)
1.574,=3600+(60*04)+10-((60*46)+24)
1.468,=3600+(60*04)+11-((60*46)+24)
1.329,=3600+(60*04)+12-((60*46)+24)
1.324,=3600+(60*04)+13-((60*46)+24)
1.326,=3600+(60*04)+14-((60*46)+24)
1.386,=3600+(60*04)+15-((60*46)+24)
1.406,=3600+(60*04)+15-((60*46)+24)
1.355,=3600+(60*04)+16-((60*46)+24)
1.351,=3600+(60*04)+17-((60*46)+24)
1.384,=3600+(60*04)+18-((60*46)+24)
1.392,=3600+(60*04)+19-((60*46)+24)
1.324,=3600+(60*04)+20-((60*46)+24)
1.338,=3600+(60*04)+21-((60*46)+24)
1.277,=3600+(60*04)+22-((60*46)+24)
1.334,=3600+(60*04)+23-((60*46)+24)
1.358,=3600+(60*04)+24-((60*46)+24)
1.323,=3600+(60*04)+25-((60*46)+24)
1.309,=3600+(60*04)+26-((60*46)+24)
1.457,=3600+(60*04)+27-((60*46)+24)
1.584,=3600+(60*04)+28-((60*46)+24)
1.624,=3600+(60*04)+29-((60*46)+24)
1.386,=3600+(60*04)+30-((60*46)+24)
1.238,=3600+(60*04)+31-((60*46)+24)
1.270,=3600+(60*04)+32-((60*46)+24)
1.322,=3600+(60*04)+32-((60*46)+24)
1.277,=3600+(60*04)+33-((60*46)+24)
1.271,=3600+(60*04)+34-((60*46)+24)
1.353,=3600+(60*04)+35-((60*46)+24)
1.502,=3600+(60*04)+36-((60*46)+24)
1.677,=3600+(60*04)+37-((60*46)+24)
1.806,=3600+(60*04)+38-((60*46)+24)
1.833,=3600+(60*04)+39-((60*46)+24)
1.679,=3600+(60*04)+40-((60*46)+24)
1.293,=3600+(60*04)+41-((60*46)+24)
1.153,=3600+(60*04)+42-((60*46)+24)
1.238,=3600+(60*04)+43-((60*46)+24)
1.376,=3600+(60*04)+44-((60*46)+24)
1.634,=3600+(60*04)+45-((60*46)+24)
1.878,=3600+(60*04)+46-((60*46)+24)
1.966,=3600+(60*04)+47-((60*46)+24)
1.879,=3600+(60*04)+48-((60*46)+24)
1.662,=3600+(60*04)+48-((60*46)+24)
1.359,=3600+(60*04)+49-((60*46)+24)
1.322,=3600+(60*04)+50-((60*46)+24)
1.352,=3600+(60*04)+51-((60*46)+24)
1.318,=3600+(60*04)+52-((60*46)+24)
1.341,=3600+(60*04)+53-((60*46)+24)
1.368,=3600+(60*04)+54-((60*46)+24)
1.335,=3600+(60*04)+55-((60*46)+24)
1.317,=3600+(60*04)+56-((60*46)+24)
1.371,=3600+(60*04)+57-((60*46)+24)
1.530,=3600+(60*04)+58-((60*46)+24)
1.646,=3600+(60*04)+59-((60*46)+24)
1.716,=3600+(60*05)+00-((60*46)+24)
1.564,=3600+(60*05)+01-((60*46)+24)
1.287,=3600+(60*05)+01-((60*46)+24)
1.188,=3600+(60*05)+02-((60*46)+24)
1.309,=3600+(60*05)+03-((60*46)+24)
1.430,=3600+(60*05)+04-((60*46)+24)
1.415,=3600+(60*05)+05-((60*46)+24)
1.395,=3600+(60*05)+06-((60*46)+24)
1.455,=3600+(60*05)+07-((60*46)+24)
1.527,=3600+(60*05)+07-((60*46)+24)
1.632,=3600+(60*05)+08-((60*46)+24)
1.620,=3600+(60*05)+09-((60*46)+24)
1.542,=3600+(60*05)+10-((60*46)+24)
1.429,=3600+(60*05)+11-((60*46)+24)
1.203,=3600+(60*05)+12-((60*46)+24)
1.254,=3600+(60*05)+13-((60*46)+24)
1.298,=3600+(60*05)+14-((60*46)+24)
1.347,=3600+(60*05)+15-((60*46)+24)
1.413,=3600+(60*05)+16-((60*46)+24)
1.512,=3600+(60*05)+17-((60*46)+24)
1.580,=3600+(60*05)+17-((60*46)+24)
1.473,=3600+(60*05)+18-((60*46)+24)
1.392,=3600+(60*05)+19-((60*46)+24)
1.385,=3600+(60*05)+20-((60*46)+24)
1.324,=3600+(60*05)+21-((60*46)+24)
1.272,=3600+(60*05)+22-((60*46)+24)
1.291,=3600+(60*05)+23-((60*46)+24)
1.401,=3600+(60*05)+24-((60*46)+24)
1.443,=3600+(60*05)+25-((60*46)+24)
1.414,=3600+(60*05)+26-((60*46)+24)
1.435,=3600+(60*05)+27-((60*46)+24)
1.419,=3600+(60*05)+28-((60*46)+24)
1.339,=3600+(60*05)+29-((60*46)+24)
1.309,=3600+(60*05)+30-((60*46)+24)
1.322,=3600+(60*05)+31-((60*46)+24)
1.422,=3600+(60*05)+32-((60*46)+24)
1.468,=3600+(60*05)+33-((60*46)+24)
1.426,=3600+(60*05)+33-((60*46)+24)
1.374,=3600+(60*05)+34-((60*46)+24)
1.294,=3600+(60*05)+35-((60*46)+24)
1.238,=3600+(60*05)+36-((60*46)+24)
1.238,=3600+(60*05)+37-((60*46)+24)
1.328,=3600+(60*05)+38-((60*46)+24)
1.467,=3600+(60*05)+39-((60*46)+24)
1.502,=3600+(60*05)+40-((60*46)+24)
1.519,=3600+(60*05)+41-((60*46)+24)
1.587,=3600+(60*05)+42-((60*46)+24)
1.574,=3600+(60*05)+43-((60*46)+24)
1.453,=3600+(60*05)+44-((60*46)+24)
1.316,=3600+(60*05)+45-((60*46)+24)
1.250,=3600+(60*05)+46-((60*46)+24)
1.221,=3600+(60*05)+47-((60*46)+24)
1.322,=3600+(60*05)+48-((60*46)+24)
1.370,=3600+(60*05)+49-((60*46)+24)
1.363,=3600+(60*05)+50-((60*46)+24)
1.387,=3600+(60*05)+50-((60*46)+24)
1.444,=3600+(60*05)+51-((60*46)+24)
1.425,=3600+(60*05)+52-((60*46)+24)
1.377,=3600+(60*05)+53-((60*46)+24)
1.423,=3600+(60*05)+54-((60*46)+24)
1.458,=3600+(60*05)+55-((60*46)+24)
1.400,=3600+(60*05)+56-((60*46)+24)
1.274,=3600+(60*05)+57-((60*46)+24)
1.273,=3600+(60*05)+58-((60*46)+24)
1.329,=3600+(60*05)+59-((60*46)+24)
1.336,=3600+(60*06)+00-((60*46)+24)
1.414,=3600+(60*06)+01-((60*46)+24)
1.382,=3600+(60*06)+02-((60*46)+24)
1.311,=3600+(60*06)+02-((60*46)+24)
1.278,=3600+(60*06)+03-((60*46)+24)
1.364,=3600+(60*06)+04-((60*46)+24)
1.404,=3600+(60*06)+05-((60*46)+24)
1.373,=3600+(60*06)+06-((60*46)+24)
1.344,=3600+(60*06)+07-((60*46)+24)
1.409,=3600+(60*06)+07-((60*46)+24)
1.473,=3600+(60*06)+08-((60*46)+24)
1.410,=3600+(60*06)+09-((60*46)+24)
1.387,=3600+(60*06)+10-((60*46)+24)
1.326,=3600+(60*06)+11-((60*46)+24)
1.247,=3600+(60*06)+12-((60*46)+24)
1.273,=3600+(60*06)+13-((60*46)+24)
1.287,=3600+(60*06)+14-((60*46)+24)
1.371,=3600+(60*06)+15-((60*46)+24)
1.451,=3600+(60*06)+16-((60*46)+24)
1.399,=3600+(60*06)+16-((60*46)+24)
1.375,=3600+(60*06)+17-((60*46)+24)
1.337,=3600+(60*06)+18-((60*46)+24)
1.292,=3600+(60*06)+19-((60*46)+24)
1.397,=3600+(60*06)+20-((60*46)+24)
1.480,=3600+(60*06)+21-((60*46)+24)
1.490,=3600+(60*06)+22-((60*46)+24)
1.386,=3600+(60*06)+23-((60*46)+24)
1.273,=3600+(60*06)+24-((60*46)+24)
1.205,=3600+(60*06)+25-((60*46)+24)
1.265,=3600+(60*06)+26-((60*46)+24)
1.313,=3600+(60*06)+27-((60*46)+24)
1.319,=3600+(60*06)+28-((60*46)+24)
1.392,=3600+(60*06)+29-((60*46)+24)
1.511,=3600+(60*06)+30-((60*46)+24)
1.503,=3600+(60*06)+31-((60*46)+24)
1.519,=3600+(60*06)+32-((60*46)+24)
1.477,=3600+(60*06)+33-((60*46)+24)
1.466,=3600+(60*06)+33-((60*46)+24)
1.382,=3600+(60*06)+34-((60*46)+24)
1.268,=3600+(60*06)+35-((60*46)+24)
1.209,=3600+(60*06)+36-((60*46)+24)
1.224,=3600+(60*06)+37-((60*46)+24)
1.303,=3600+(60*06)+38-((60*46)+24)
1.418,=3600+(60*06)+39-((60*46)+24)
1.522,=3600+(60*06)+40-((60*46)+24)
1.555,=3600+(60*06)+41-((60*46)+24)
1.620,=3600+(60*06)+42-((60*46)+24)
1.683,=3600+(60*06)+43-((60*46)+24)
1.596,=3600+(60*06)+44-((60*46)+24)
1.299,=3600+(60*06)+45-((60*46)+24)
1.265,=3600+(60*06)+46-((60*46)+24)
1.327,=3600+(60*06)+47-((60*46)+24)
1.371,=3600+(60*06)+48-((60*46)+24)
1.402,=3600+(60*06)+49-((60*46)+24)
1.301,=3600+(60*06)+49-((60*46)+24)
1.259,=3600+(60*06)+50-((60*46)+24)
1.334,=3600+(60*06)+51-((60*46)+24)
1.456,=3600+(60*06)+52-((60*46)+24)
1.589,=3600+(60*06)+53-((60*46)+24)
1.748,=3600+(60*06)+54-((60*46)+24)
1.752,=3600+(60*06)+55-((60*46)+24)
1.610,=3600+(60*06)+56-((60*46)+24)
1.235,=3600+(60*06)+57-((60*46)+24)
1.130,=3600+(60*06)+58-((60*46)+24)
1.307,=3600+(60*06)+59-((60*46)+24)
1.430,=3600+(60*07)+00-((60*46)+24)
1.641,=3600+(60*07)+01-((60*46)+24)
1.932,=3600+(60*07)+01-((60*46)+24)
2.226,=3600+(60*07)+02-((60*46)+24)
2.383,=3600+(60*07)+03-((60*46)+24)
2.324,=3600+(60*07)+04-((60*46)+24)
2.029,=3600+(60*07)+05-((60*46)+24)
1.522,=3600+(60*07)+06-((60*46)+24)
1.144,=3600+(60*07)+07-((60*46)+24)
1.215,=3600+(60*07)+08-((60*46)+24)
1.409,=3600+(60*07)+08-((60*46)+24)
1.525,=3600+(60*07)+09-((60*46)+24)
1.739,=3600+(60*07)+10-((60*46)+24)
1.830,=3600+(60*07)+11-((60*46)+24)
1.899,=3600+(60*07)+12-((60*46)+24)
1.865,=3600+(60*07)+13-((60*46)+24)
1.698,=3600+(60*07)+14-((60*46)+24)
1.504,=3600+(60*07)+15-((60*46)+24)
1.341,=3600+(60*07)+16-((60*46)+24)
1.280,=3600+(60*07)+17-((60*46)+24)
1.306,=3600+(60*07)+18-((60*46)+24)
1.323,=3600+(60*07)+18-((60*46)+24)
1.398,=3600+(60*07)+19-((60*46)+24)
1.450,=3600+(60*07)+20-((60*46)+24)
1.585,=3600+(60*07)+21-((60*46)+24)
1.619,=3600+(60*07)+22-((60*46)+24)
1.555,=3600+(60*07)+23-((60*46)+24)
1.520,=3600+(60*07)+24-((60*46)+24)
1.365,=3600+(60*07)+25-((60*46)+24)
1.319,=3600+(60*07)+26-((60*46)+24)
1.372,=3600+(60*07)+27-((60*46)+24)
1.435,=3600+(60*07)+28-((60*46)+24)
1.494,=3600+(60*07)+29-((60*46)+24)
1.449,=3600+(60*07)+30-((60*46)+24)
1.366,=3600+(60*07)+31-((60*46)+24)
1.376,=3600+(60*07)+32-((60*46)+24)
1.324,=3600+(60*07)+33-((60*46)+24)
1.339,=3600+(60*07)+34-((60*46)+24)
1.389,=3600+(60*07)+34-((60*46)+24)
1.400,=3600+(60*07)+35-((60*46)+24)
1.376,=3600+(60*07)+36-((60*46)+24)
1.380,=3600+(60*07)+37-((60*46)+24)
1.453,=3600+(60*07)+38-((60*46)+24)
1.518,=3600+(60*07)+39-((60*46)+24)
1.540,=3600+(60*07)+40-((60*46)+24)
1.490,=3600+(60*07)+41-((60*46)+24)
1.495,=3600+(60*07)+42-((60*46)+24)
1.428,=3600+(60*07)+43-((60*46)+24)
1.351,=3600+(60*07)+44-((60*46)+24)
1.264,=3600+(60*07)+45-((60*46)+24)
1.256,=3600+(60*07)+46-((60*46)+24)
1.351,=3600+(60*07)+47-((60*46)+24)
1.488,=3600+(60*07)+48-((60*46)+24)
1.581,=3600+(60*07)+49-((60*46)+24)
1.723,=3600+(60*07)+50-((60*46)+24)
1.734,=3600+(60*07)+50-((60*46)+24)
1.697,=3600+(60*07)+51-((60*46)+24)
1.499,=3600+(60*07)+52-((60*46)+24)
1.270,=3600+(60*07)+53-((60*46)+24)
1.326,=3600+(60*07)+54-((60*46)+24)
1.408,=3600+(60*07)+55-((60*46)+24)
1.373,=3600+(60*07)+56-((60*46)+24)
1.322,=3600+(60*07)+57-((60*46)+24)
1.318,=3600+(60*07)+58-((60*46)+24)
1.283,=3600+(60*07)+59-((60*46)+24)
1.414,=3600+(60*08)+00-((60*46)+24)
1.563,=3600+(60*08)+01-((60*46)+24)
1.739,=3600+(60*08)+02-((60*46)+24)
1.913,=3600+(60*08)+02-((60*46)+24)
2.005,=3600+(60*08)+03-((60*46)+24)
1.825,=3600+(60*08)+04-((60*46)+24)
1.395,=3600+(60*08)+05-((60*46)+24)
1.165,=3600+(60*08)+06-((60*46)+24)
1.251,=3600+(60*08)+07-((60*46)+24)
1.336,=3600+(60*08)+07-((60*46)+24)
1.377,=3600+(60*08)+08-((60*46)+24)
1.463,=3600+(60*08)+09-((60*46)+24)
1.598,=3600+(60*08)+10-((60*46)+24)
1.793,=3600+(60*08)+11-((60*46)+24)
1.735,=3600+(60*08)+12-((60*46)+24)
1.565,=3600+(60*08)+13-((60*46)+24)
1.382,=3600+(60*08)+14-((60*46)+24)
1.381,=3600+(60*08)+15-((60*46)+24)
1.406,=3600+(60*08)+16-((60*46)+24)
1.358,=3600+(60*08)+17-((60*46)+24)
1.354,=3600+(60*08)+17-((60*46)+24)
1.484,=3600+(60*08)+18-((60*46)+24)
1.488,=3600+(60*08)+19-((60*46)+24)
1.333,=3600+(60*08)+20-((60*46)+24)
1.284,=3600+(60*08)+21-((60*46)+24)
1.297,=3600+(60*08)+22-((60*46)+24)
1.351,=3600+(60*08)+23-((60*46)+24)
1.488,=3600+(60*08)+24-((60*46)+24)
1.657,=3600+(60*08)+25-((60*46)+24)
1.728,=3600+(60*08)+26-((60*46)+24)
1.773,=3600+(60*08)+27-((60*46)+24)
1.702,=3600+(60*08)+28-((60*46)+24)
1.612,=3600+(60*08)+29-((60*46)+24)
1.438,=3600+(60*08)+30-((60*46)+24)
1.274,=3600+(60*08)+31-((60*46)+24)
1.204,=3600+(60*08)+32-((60*46)+24)
1.213,=3600+(60*08)+33-((60*46)+24)
1.448,=3600+(60*08)+34-((60*46)+24)
1.719,=3600+(60*08)+34-((60*46)+24)
1.991,=3600+(60*08)+35-((60*46)+24)
2.250,=3600+(60*08)+36-((60*46)+24)
2.398,=3600+(60*08)+37-((60*46)+24)
2.359,=3600+(60*08)+38-((60*46)+24)
2.026,=3600+(60*08)+39-((60*46)+24)
1.594,=3600+(60*08)+40-((60*46)+24)
1.239,=3600+(60*08)+41-((60*46)+24)
1.272,=3600+(60*08)+42-((60*46)+24)
1.484,=3600+(60*08)+43-((60*46)+24)
1.756,=3600+(60*08)+44-((60*46)+24)
2.037,=3600+(60*08)+45-((60*46)+24)
2.210,=3600+(60*08)+46-((60*46)+24)
2.188,=3600+(60*08)+47-((60*46)+24)
1.873,=3600+(60*08)+48-((60*46)+24)
1.525,=3600+(60*08)+49-((60*46)+24)
1.344,=3600+(60*08)+50-((60*46)+24)
1.416,=3600+(60*08)+50-((60*46)+24)
1.565,=3600+(60*08)+51-((60*46)+24)
1.688,=3600+(60*08)+52-((60*46)+24)
1.699,=3600+(60*08)+53-((60*46)+24)
1.524,=3600+(60*08)+54-((60*46)+24)
1.373,=3600+(60*08)+55-((60*46)+24)
1.368,=3600+(60*08)+56-((60*46)+24)
1.509,=3600+(60*08)+57-((60*46)+24)
1.587,=3600+(60*08)+58-((60*46)+24)
1.623,=3600+(60*08)+59-((60*46)+24)
1.479,=3600+(60*09)+00-((60*46)+24)
1.399,=3600+(60*09)+01-((60*46)+24)
1.458,=3600+(60*09)+02-((60*46)+24)
1.465,=3600+(60*09)+03-((60*46)+24)
1.427,=3600+(60*09)+03-((60*46)+24)
1.416,=3600+(60*09)+04-((60*46)+24)
1.466,=3600+(60*09)+05-((60*46)+24)
1.533,=3600+(60*09)+06-((60*46)+24)
1.489,=3600+(60*09)+07-((60*46)+24)
1.407,=3600+(60*09)+08-((60*46)+24)
1.470,=3600+(60*09)+08-((60*46)+24)
1.591,=3600+(60*09)+09-((60*46)+24)
1.683,=3600+(60*09)+10-((60*46)+24)
1.606,=3600+(60*09)+11-((60*46)+24)
1.419,=3600+(60*09)+12-((60*46)+24)
1.349,=3600+(60*09)+13-((60*46)+24)
1.407,=3600+(60*09)+14-((60*46)+24)
1.557,=3600+(60*09)+15-((60*46)+24)
1.641,=3600+(60*09)+16-((60*46)+24)
1.572,=3600+(60*09)+17-((60*46)+24)
1.574,=3600+(60*09)+18-((60*46)+24)
1.632,=3600+(60*09)+19-((60*46)+24)
1.679,=3600+(60*09)+20-((60*46)+24)
1.625,=3600+(60*09)+20-((60*46)+24)
1.455,=3600+(60*09)+21-((60*46)+24)
1.369,=3600+(60*09)+22-((60*46)+24)
1.461,=3600+(60*09)+23-((60*46)+24)
1.417,=3600+(60*09)+24-((60*46)+24)
1.410,=3600+(60*09)+25-((60*46)+24)
1.513,=3600+(60*09)+26-((60*46)+24)
1.526,=3600+(60*09)+27-((60*46)+24)
1.637,=3600+(60*09)+28-((60*46)+24)
1.870,=3600+(60*09)+29-((60*46)+24)
2.090,=3600+(60*09)+30-((60*46)+24)
2.020,=3600+(60*09)+31-((60*46)+24)
1.774,=3600+(60*09)+32-((60*46)+24)
1.481,=3600+(60*09)+33-((60*46)+24)
1.369,=3600+(60*09)+34-((60*46)+24)
1.396,=3600+(60*09)+35-((60*46)+24)
1.412,=3600+(60*09)+35-((60*46)+24)
1.392,=3600+(60*09)+36-((60*46)+24)
1.523,=3600+(60*09)+37-((60*46)+24)
1.660,=3600+(60*09)+38-((60*46)+24)
1.745,=3600+(60*09)+39-((60*46)+24)
1.761,=3600+(60*09)+40-((60*46)+24)
1.693,=3600+(60*09)+41-((60*46)+24)
1.681,=3600+(60*09)+42-((60*46)+24)
1.667,=3600+(60*09)+43-((60*46)+24)
1.622,=3600+(60*09)+44-((60*46)+24)
1.504,=3600+(60*09)+45-((60*46)+24)
1.452,=3600+(60*09)+46-((60*46)+24)
1.330,=3600+(60*09)+47-((60*46)+24)
1.386,=3600+(60*09)+48-((60*46)+24)
1.405,=3600+(60*09)+49-((60*46)+24)
1.422,=3600+(60*09)+50-((60*46)+24)
1.459,=3600+(60*09)+51-((60*46)+24)
1.585,=3600+(60*09)+52-((60*46)+24)
1.791,=3600+(60*09)+52-((60*46)+24)
2.006,=3600+(60*09)+53-((60*46)+24)
2.162,=3600+(60*09)+54-((60*46)+24)
2.056,=3600+(60*09)+55-((60*46)+24)
1.726,=3600+(60*09)+56-((60*46)+24)
1.400,=3600+(60*09)+57-((60*46)+24)
1.347,=3600+(60*09)+58-((60*46)+24)
1.391,=3600+(60*09)+59-((60*46)+24)
1.524,=3600+(60*10)+00-((60*46)+24)
1.733,=3600+(60*10)+01-((60*46)+24)
1.957,=3600+(60*10)+02-((60*46)+24)
1.997,=3600+(60*10)+03-((60*46)+24)
1.874,=3600+(60*10)+04-((60*46)+24)
1.740,=3600+(60*10)+05-((60*46)+24)
1.615,=3600+(60*10)+06-((60*46)+24)
1.435,=3600+(60*10)+07-((60*46)+24)
1.478,=3600+(60*10)+07-((60*46)+24)
1.584,=3600+(60*10)+08-((60*46)+24)
1.641,=3600+(60*10)+09-((60*46)+24)
1.636,=3600+(60*10)+10-((60*46)+24)
1.597,=3600+(60*10)+11-((60*46)+24)
1.464,=3600+(60*10)+12-((60*46)+24)
1.484,=3600+(60*10)+13-((60*46)+24)
1.579,=3600+(60*10)+14-((60*46)+24)
1.700,=3600+(60*10)+15-((60*46)+24)
1.713,=3600+(60*10)+16-((60*46)+24)
1.504,=3600+(60*10)+17-((60*46)+24)
1.393,=3600+(60*10)+18-((60*46)+24)
1.414,=3600+(60*10)+19-((60*46)+24)
1.438,=3600+(60*10)+20-((60*46)+24)
1.509,=3600+(60*10)+21-((60*46)+24)
1.655,=3600+(60*10)+22-((60*46)+24)
1.763,=3600+(60*10)+23-((60*46)+24)
1.807,=3600+(60*10)+24-((60*46)+24)
1.656,=3600+(60*10)+24-((60*46)+24)
1.446,=3600+(60*10)+25-((60*46)+24)
1.325,=3600+(60*10)+26-((60*46)+24)
1.462,=3600+(60*10)+27-((60*46)+24)
1.520,=3600+(60*10)+28-((60*46)+24)
1.455,=3600+(60*10)+29-((60*46)+24)
1.484,=3600+(60*10)+30-((60*46)+24)
1.633,=3600+(60*10)+31-((60*46)+24)
1.700,=3600+(60*10)+32-((60*46)+24)
1.596,=3600+(60*10)+33-((60*46)+24)
1.390,=3600+(60*10)+34-((60*46)+24)
1.426,=3600+(60*10)+35-((60*46)+24)
1.536,=3600+(60*10)+36-((60*46)+24)
1.644,=3600+(60*10)+37-((60*46)+24)
1.646,=3600+(60*10)+38-((60*46)+24)
1.530,=3600+(60*10)+39-((60*46)+24)
1.250,=3600+(60*10)+39-((60*46)+24)
1.308,=3600+(60*10)+40-((60*46)+24)
1.429,=3600+(60*10)+41-((60*46)+24)
1.600,=3600+(60*10)+42-((60*46)+24)
1.831,=3600+(60*10)+43-((60*46)+24)
1.808,=3600+(60*10)+44-((60*46)+24)
1.296,=3600+(60*10)+45-((60*46)+24)
1.006,=3600+(60*10)+46-((60*46)+24)
1.095,=3600+(60*10)+47-((60*46)+24)
1.183,=3600+(60*10)+48-((60*46)+24)
1.296,=3600+(60*10)+49-((60*46)+24)
1.175,=3600+(60*10)+50-((60*46)+24)
1.091,=3600+(60*10)+51-((60*46)+24)
1.132,=3600+(60*10)+52-((60*46)+24)
1.074,=3600+(60*10)+53-((60*46)+24)
1.125,=3600+(60*10)+54-((60*46)+24)
1.167,=3600+(60*10)+55-((60*46)+24)
1.026,=3600+(60*10)+55-((60*46)+24)
1.091,=3600+(60*10)+56-((60*46)+24)
1.205,=3600+(60*10)+57-((60*46)+24)
1.102,=3600+(60*10)+58-((60*46)+24)
1.060,=3600+(60*10)+59-((60*46)+24)
1.180,=3600+(60*11)+00-((60*46)+24)
1.167,=3600+(60*11)+01-((60*46)+24)
1.114,=3600+(60*11)+02-((60*46)+24)
1.137,=3600+(60*11)+03-((60*46)+24)
1.105,=3600+(60*11)+04-((60*46)+24)
1.077,=3600+(60*11)+05-((60*46)+24)
1.147,=3600+(60*11)+06-((60*46)+24)
1.216,=3600+(60*11)+07-((60*46)+24)
1.114,=3600+(60*11)+08-((60*46)+24)
1.189,=3600+(60*11)+09-((60*46)+24)
1.282,=3600+(60*11)+10-((60*46)+24)
1.114,=3600+(60*11)+11-((60*46)+24)
1.058,=3600+(60*11)+12-((60*46)+24)
1.206,=3600+(60*11)+12-((60*46)+24)
1.136,=3600+(60*11)+13-((60*46)+24)
1.039,=3600+(60*11)+14-((60*46)+24)
1.184,=3600+(60*11)+15-((60*46)+24)
1.188,=3600+(60*11)+16-((60*46)+24)
1.260,=3600+(60*11)+17-((60*46)+24)
1.163,=3600+(60*11)+18-((60*46)+24)
1.039,=3600+(60*11)+19-((60*46)+24)
1.162,=3600+(60*11)+20-((60*46)+24)
1.113,=3600+(60*11)+21-((60*46)+24)
1.126,=3600+(60*11)+22-((60*46)+24)
1.261,=3600+(60*11)+23-((60*46)+24)
1.122,=3600+(60*11)+24-((60*46)+24)
1.069,=3600+(60*11)+25-((60*46)+24)
1.303,=3600+(60*11)+26-((60*46)+24)
1.135,=3600+(60*11)+27-((60*46)+24)
0.981,=3600+(60*11)+27-((60*46)+24)
1.234,=3600+(60*11)+28-((60*46)+24)
1.251,=3600+(60*11)+29-((60*46)+24)
0.998,=3600+(60*11)+30-((60*46)+24)
1.226,=3600+(60*11)+31-((60*46)+24)
1.264,=3600+(60*11)+32-((60*46)+24)
1.010,=3600+(60*11)+33-((60*46)+24)
1.156,=3600+(60*11)+34-((60*46)+24)
1.121,=3600+(60*11)+35-((60*46)+24)
1.059,=3600+(60*11)+36-((60*46)+24)
1.108,=3600+(60*11)+37-((60*46)+24)
1.182,=3600+(60*11)+38-((60*46)+24)
1.193,=3600+(60*11)+39-((60*46)+24)
1.150,=3600+(60*11)+40-((60*46)+24)
1.163,=3600+(60*11)+41-((60*46)+24)
1.247,=3600+(60*11)+42-((60*46)+24)
1.114,=3600+(60*11)+43-((60*46)+24)
1.074,=3600+(60*11)+44-((60*46)+24)
1.096,=3600+(60*11)+44-((60*46)+24)
1.143,=3600+(60*11)+45-((60*46)+24)
1.200,=3600+(60*11)+46-((60*46)+24)
1.137,=3600+(60*11)+47-((60*46)+24)
1.187,=3600+(60*11)+48-((60*46)+24)
1.193,=3600+(60*11)+49-((60*46)+24)
1.164,=3600+(60*11)+50-((60*46)+24)
1.114,=3600+(60*11)+51-((60*46)+24)
1.150,=3600+(60*11)+52-((60*46)+24)
1.136,=3600+(60*11)+53-((60*46)+24)
1.225,=3600+(60*11)+54-((60*46)+24)
1.125,=3600+(60*11)+55-((60*46)+24)
1.014,=3600+(60*11)+56-((60*46)+24)
1.222,=3600+(60*11)+57-((60*46)+24)
1.156,=3600+(60*11)+58-((60*46)+24)
1.135,=3600+(60*11)+59-((60*46)+24)
1.277,=3600+(60*11)+59-((60*46)+24)
1.091,=3600+(60*12)+00-((60*46)+24)
1.021,=3600+(60*12)+01-((60*46)+24)
1.126,=3600+(60*12)+02-((60*46)+24)
1.097,=3600+(60*12)+03-((60*46)+24)
1.229,=3600+(60*12)+04-((60*46)+24)
1.250,=3600+(60*12)+05-((60*46)+24)
1.063,=3600+(60*12)+06-((60*46)+24)
1.065,=3600+(60*12)+07-((60*46)+24)
1.251,=3600+(60*12)+08-((60*46)+24)
1.137,=3600+(60*12)+09-((60*46)+24)
1.104,=3600+(60*12)+10-((60*46)+24)
1.294,=3600+(60*12)+11-((60*46)+24)
1.193,=3600+(60*12)+12-((60*46)+24)
1.044,=3600+(60*12)+13-((60*46)+24)
1.164,=3600+(60*12)+14-((60*46)+24)
1.132,=3600+(60*12)+15-((60*46)+24)
1.034,=3600+(60*12)+15-((60*46)+24)
1.179,=3600+(60*12)+16-((60*46)+24)
1.105,=3600+(60*12)+17-((60*46)+24)
1.228,=3600+(60*12)+18-((60*46)+24)
1.229,=3600+(60*12)+19-((60*46)+24)
1.013,=3600+(60*12)+20-((60*46)+24)
1.224,=3600+(60*12)+21-((60*46)+24)
1.186,=3600+(60*12)+22-((60*46)+24)
1.046,=3600+(60*12)+23-((60*46)+24)
1.121,=3600+(60*12)+24-((60*46)+24)
1.190,=3600+(60*12)+25-((60*46)+24)
1.094,=3600+(60*12)+26-((60*46)+24)
1.075,=3600+(60*12)+27-((60*46)+24)
1.150,=3600+(60*12)+28-((60*46)+24)
1.191,=3600+(60*12)+29-((60*46)+24)
1.154,=3600+(60*12)+30-((60*46)+24)
1.139,=3600+(60*12)+31-((60*46)+24)
1.159,=3600+(60*12)+32-((60*46)+24)
1.240,=3600+(60*12)+32-((60*46)+24)
1.010,=3600+(60*12)+33-((60*46)+24)
1.115,=3600+(60*12)+34-((60*46)+24)
1.136,=3600+(60*12)+35-((60*46)+24)
1.001,=3600+(60*12)+36-((60*46)+24)
1.173,=3600+(60*12)+37-((60*46)+24)
1.257,=3600+(60*12)+38-((60*46)+24)
1.084,=3600+(60*12)+39-((60*46)+24)
1.045,=3600+(60*12)+40-((60*46)+24)
1.123,=3600+(60*12)+41-((60*46)+24)
1.074,=3600+(60*12)+42-((60*46)+24)
1.171,=3600+(60*12)+43-((60*46)+24)
1.197,=3600+(60*12)+44-((60*46)+24)
1.095,=3600+(60*12)+45-((60*46)+24)
1.282,=3600+(60*12)+46-((60*46)+24)
1.244,=3600+(60*12)+47-((60*46)+24)
0.960,=3600+(60*12)+47-((60*46)+24)
1.164,=3600+(60*12)+48-((60*46)+24)
1.148,=3600+(60*12)+49-((60*46)+24)
1.116,=3600+(60*12)+50-((60*46)+24)
1.165,=3600+(60*12)+51-((60*46)+24)
0.986,=3600+(60*12)+52-((60*46)+24)
1.178,=3600+(60*12)+53-((60*46)+24)
1.173,=3600+(60*12)+54-((60*46)+24)
1.079,=3600+(60*12)+55-((60*46)+24)
1.206,=3600+(60*12)+56-((60*46)+24)
1.134,=3600+(60*12)+57-((60*46)+24)
1.148,=3600+(60*12)+58-((60*46)+24)
1.114,=3600+(60*12)+59-((60*46)+24)
1.146,=3600+(60*13)+00-((60*46)+24)
1.182,=3600+(60*13)+01-((60*46)+24)
1.208,=3600+(60*13)+02-((60*46)+24)
1.195,=3600+(60*13)+03-((60*46)+24)
1.131,=3600+(60*13)+04-((60*46)+24)
1.194,=3600+(60*13)+04-((60*46)+24)
1.133,=3600+(60*13)+05-((60*46)+24)
1.028,=3600+(60*13)+06-((60*46)+24)
1.169,=3600+(60*13)+07-((60*46)+24)
1.159,=3600+(60*13)+08-((60*46)+24)
1.031,=3600+(60*13)+09-((60*46)+24)
1.294,=3600+(60*13)+10-((60*46)+24)
1.242,=3600+(60*13)+11-((60*46)+24)
1.076,=3600+(60*13)+12-((60*46)+24)
1.259,=3600+(60*13)+13-((60*46)+24)
1.171,=3600+(60*13)+14-((60*46)+24)
1.066,=3600+(60*13)+15-((60*46)+24)
1.181,=3600+(60*13)+16-((60*46)+24)
1.197,=3600+(60*13)+17-((60*46)+24)
1.109,=3600+(60*13)+18-((60*46)+24)
1.104,=3600+(60*13)+19-((60*46)+24)
1.240,=3600+(60*13)+20-((60*46)+24)
1.229,=3600+(60*13)+20-((60*46)+24)
1.081,=3600+(60*13)+21-((60*46)+24)
1.122,=3600+(60*13)+22-((60*46)+24)
1.126,=3600+(60*13)+23-((60*46)+24)
1.130,=3600+(60*13)+24-((60*46)+24)
1.192,=3600+(60*13)+25-((60*46)+24)
1.230,=3600+(60*13)+26-((60*46)+24)
1.184,=3600+(60*13)+27-((60*46)+24)
1.135,=3600+(60*13)+28-((60*46)+24)
1.073,=3600+(60*13)+29-((60*46)+24)
1.175,=3600+(60*13)+30-((60*46)+24)
1.133,=3600+(60*13)+31-((60*46)+24)
1.140,=3600+(60*13)+32-((60*46)+24)
1.152,=3600+(60*13)+33-((60*46)+24)
1.207,=3600+(60*13)+34-((60*46)+24)
1.138,=3600+(60*13)+35-((60*46)+24)
1.165,=3600+(60*13)+35-((60*46)+24)
1.258,=3600+(60*13)+36-((60*46)+24)
1.015,=3600+(60*13)+37-((60*46)+24)
1.122,=3600+(60*13)+38-((60*46)+24)
1.333,=3600+(60*13)+39-((60*46)+24)
1.014,=3600+(60*13)+40-((60*46)+24)
0.921,=3600+(60*13)+41-((60*46)+24)
1.123,=3600+(60*13)+42-((60*46)+24)
1.099,=3600+(60*13)+43-((60*46)+24)
1.194,=3600+(60*13)+44-((60*46)+24)
1.261,=3600+(60*13)+45-((60*46)+24)
1.118,=3600+(60*13)+46-((60*46)+24)
1.113,=3600+(60*13)+47-((60*46)+24)
1.192,=3600+(60*13)+48-((60*46)+24)
1.075,=3600+(60*13)+49-((60*46)+24)
1.102,=3600+(60*13)+50-((60*46)+24)
1.334,=3600+(60*13)+51-((60*46)+24)
1.175,=3600+(60*13)+52-((60*46)+24)
1.004,=3600+(60*13)+52-((60*46)+24)
1.165,=3600+(60*13)+53-((60*46)+24)
1.206,=3600+(60*13)+54-((60*46)+24)
1.092,=3600+(60*13)+55-((60*46)+24)
1.210,=3600+(60*13)+56-((60*46)+24)
1.139,=3600+(60*13)+57-((60*46)+24)
1.090,=3600+(60*13)+58-((60*46)+24)
1.126,=3600+(60*13)+59-((60*46)+24)
1.209,=3600+(60*14)+00-((60*46)+24)
1.147,=3600+(60*14)+01-((60*46)+24)
1.051,=3600+(60*14)+02-((60*46)+24)
1.259,=3600+(60*14)+03-((60*46)+24)
1.065,=3600+(60*14)+04-((60*46)+24)
1.054,=3600+(60*14)+05-((60*46)+24)
1.212,=3600+(60*14)+06-((60*46)+24)
1.069,=3600+(60*14)+07-((60*46)+24)
1.116,=3600+(60*14)+07-((60*46)+24)
1.221,=3600+(60*14)+08-((60*46)+24)
1.119,=3600+(60*14)+09-((60*46)+24)
1.100,=3600+(60*14)+10-((60*46)+24)
1.211,=3600+(60*14)+11-((60*46)+24)
1.156,=3600+(60*14)+12-((60*46)+24)
1.069,=3600+(60*14)+13-((60*46)+24)
1.193,=3600+(60*14)+14-((60*46)+24)
1.201,=3600+(60*14)+15-((60*46)+24)
1.133,=3600+(60*14)+16-((60*46)+24)
1.197,=3600+(60*14)+17-((60*46)+24)
1.189,=3600+(60*14)+18-((60*46)+24)
0.998,=3600+(60*14)+19-((60*46)+24)
1.141,=3600+(60*14)+20-((60*46)+24)
1.294,=3600+(60*14)+21-((60*46)+24)
1.074,=3600+(60*14)+22-((60*46)+24)
1.213,=3600+(60*14)+23-((60*46)+24)
1.129,=3600+(60*14)+24-((60*46)+24)
0.985,=3600+(60*14)+24-((60*46)+24)
1.164,=3600+(60*14)+25-((60*46)+24)
1.107,=3600+(60*14)+26-((60*46)+24)
1.060,=3600+(60*14)+27-((60*46)+24)
1.184,=3600+(60*14)+28-((60*46)+24)
1.178,=3600+(60*14)+29-((60*46)+24)
1.201,=3600+(60*14)+30-((60*46)+24)
1.146,=3600+(60*14)+31-((60*46)+24)
1.046,=3600+(60*14)+32-((60*46)+24)
1.240,=3600+(60*14)+33-((60*46)+24)
1.221,=3600+(60*14)+34-((60*46)+24)
0.968,=3600+(60*14)+35-((60*46)+24)
1.066,=3600+(60*14)+36-((60*46)+24)
1.308,=3600+(60*14)+37-((60*46)+24)
1.058,=3600+(60*14)+38-((60*46)+24)
1.133,=3600+(60*14)+39-((60*46)+24)
1.252,=3600+(60*14)+39-((60*46)+24)
1.080,=3600+(60*14)+40-((60*46)+24)
1.095,=3600+(60*14)+41-((60*46)+24)
1.143,=3600+(60*14)+42-((60*46)+24)
1.212,=3600+(60*14)+43-((60*46)+24)
1.119,=3600+(60*14)+44-((60*46)+24)
1.111,=3600+(60*14)+45-((60*46)+24)
1.263,=3600+(60*14)+46-((60*46)+24)
1.139,=3600+(60*14)+47-((60*46)+24)
1.029,=3600+(60*14)+48-((60*46)+24)
1.215,=3600+(60*14)+49-((60*46)+24)
1.094,=3600+(60*14)+50-((60*46)+24)
1.095,=3600+(60*14)+51-((60*46)+24)
1.266,=3600+(60*14)+52-((60*46)+24)
1.062,=3600+(60*14)+53-((60*46)+24)
1.163,=3600+(60*14)+54-((60*46)+24)
1.271,=3600+(60*14)+55-((60*46)+24)
1.021,=3600+(60*14)+55-((60*46)+24)
1.161,=3600+(60*14)+56-((60*46)+24)
1.247,=3600+(60*14)+57-((60*46)+24)
1.054,=3600+(60*14)+58-((60*46)+24)
1.118,=3600+(60*14)+59-((60*46)+24)
1.203,=3600+(60*15)+00-((60*46)+24)
1.057,=3600+(60*15)+01-((60*46)+24)
1.202,=3600+(60*15)+02-((60*46)+24)
1.140,=3600+(60*15)+03-((60*46)+24)
1.009,=3600+(60*15)+04-((60*46)+24)
1.207,=3600+(60*15)+05-((60*46)+24)
1.161,=3600+(60*15)+06-((60*46)+24)
1.122,=3600+(60*15)+07-((60*46)+24)
1.213,=3600+(60*15)+08-((60*46)+24)
1.156,=3600+(60*15)+09-((60*46)+24)
1.065,=3600+(60*15)+10-((60*46)+24)
1.210,=3600+(60*15)+11-((60*46)+24)
1.207,=3600+(60*15)+12-((60*46)+24)
0.989,=3600+(60*15)+12-((60*46)+24)
1.143,=3600+(60*15)+13-((60*46)+24)
1.288,=3600+(60*15)+14-((60*46)+24)
1.076,=3600+(60*15)+15-((60*46)+24)
1.191,=3600+(60*15)+16-((60*46)+24)
1.140,=3600+(60*15)+17-((60*46)+24)
1.065,=3600+(60*15)+18-((60*46)+24)
1.239,=3600+(60*15)+19-((60*46)+24)
1.076,=3600+(60*15)+20-((60*46)+24)
1.085,=3600+(60*15)+21-((60*46)+24)
1.252,=3600+(60*15)+22-((60*46)+24)
1.122,=3600+(60*15)+23-((60*46)+24)
1.197,=3600+(60*15)+24-((60*46)+24)
1.247,=3600+(60*15)+25-((60*46)+24)
1.007,=3600+(60*15)+26-((60*46)+24)
1.144,=3600+(60*15)+27-((60*46)+24)
1.257,=3600+(60*15)+27-((60*46)+24)
1.044,=3600+(60*15)+28-((60*46)+24)
1.052,=3600+(60*15)+29-((60*46)+24)
1.165,=3600+(60*15)+30-((60*46)+24)
1.154,=3600+(60*15)+31-((60*46)+24)
1.178,=3600+(60*15)+32-((60*46)+24)
1.126,=3600+(60*15)+33-((60*46)+24)
1.114,=3600+(60*15)+34-((60*46)+24)
1.308,=3600+(60*15)+35-((60*46)+24)
1.104,=3600+(60*15)+36-((60*46)+24)
1.080,=3600+(60*15)+37-((60*46)+24)
1.237,=3600+(60*15)+38-((60*46)+24)
1.197,=3600+(60*15)+39-((60*46)+24)
1.075,=3600+(60*15)+40-((60*46)+24)
1.090,=3600+(60*15)+41-((60*46)+24)
1.186,=3600+(60*15)+42-((60*46)+24)
1.162,=3600+(60*15)+43-((60*46)+24)
1.105,=3600+(60*15)+44-((60*46)+24)
1.174,=3600+(60*15)+44-((60*46)+24)
1.285,=3600+(60*15)+45-((60*46)+24)
1.071,=3600+(60*15)+46-((60*46)+24)
1.139,=3600+(60*15)+47-((60*46)+24)
1.224,=3600+(60*15)+48-((60*46)+24)
0.989,=3600+(60*15)+49-((60*46)+24)
1.131,=3600+(60*15)+50-((60*46)+24)
1.282,=3600+(60*15)+51-((60*46)+24)
1.071,=3600+(60*15)+52-((60*46)+24)
1.037,=3600+(60*15)+53-((60*46)+24)
1.212,=3600+(60*15)+54-((60*46)+24)
1.133,=3600+(60*15)+55-((60*46)+24)
1.148,=3600+(60*15)+56-((60*46)+24)
1.238,=3600+(60*15)+57-((60*46)+24)
1.161,=3600+(60*15)+58-((60*46)+24)
1.102,=3600+(60*15)+59-((60*46)+24)
1.129,=3600+(60*16)+00-((60*46)+24)
1.096,=3600+(60*16)+00-((60*46)+24)
1.078,=3600+(60*16)+01-((60*46)+24)
1.168,=3600+(60*16)+02-((60*46)+24)
1.237,=3600+(60*16)+03-((60*46)+24)
1.154,=3600+(60*16)+04-((60*46)+24)
1.107,=3600+(60*16)+05-((60*46)+24)
1.216,=3600+(60*16)+06-((60*46)+24)
1.119,=3600+(60*16)+07-((60*46)+24)
1.187,=3600+(60*16)+08-((60*46)+24)
1.262,=3600+(60*16)+09-((60*46)+24)
1.060,=3600+(60*16)+10-((60*46)+24)
1.101,=3600+(60*16)+11-((60*46)+24)
1.156,=3600+(60*16)+12-((60*46)+24)
1.117,=3600+(60*16)+13-((60*46)+24)
1.069,=3600+(60*16)+14-((60*46)+24)
1.235,=3600+(60*16)+15-((60*46)+24)
1.133,=3600+(60*16)+15-((60*46)+24)
1.121,=3600+(60*16)+16-((60*46)+24)
1.254,=3600+(60*16)+17-((60*46)+24)
1.126,=3600+(60*16)+18-((60*46)+24)
1.145,=3600+(60*16)+19-((60*46)+24)
1.162,=3600+(60*16)+20-((60*46)+24)
1.087,=3600+(60*16)+21-((60*46)+24)
1.146,=3600+(60*16)+22-((60*46)+24)
1.111,=3600+(60*16)+23-((60*46)+24)
1.224,=3600+(60*16)+24-((60*46)+24)
1.184,=3600+(60*16)+25-((60*46)+24)
1.022,=3600+(60*16)+26-((60*46)+24)
1.228,=3600+(60*16)+27-((60*46)+24)
1.186,=3600+(60*16)+28-((60*46)+24)
1.101,=3600+(60*16)+29-((60*46)+24)
1.096,=3600+(60*16)+30-((60*46)+24)
1.167,=3600+(60*16)+31-((60*46)+24)
1.229,=3600+(60*16)+32-((60*46)+24)
1.074,=3600+(60*16)+32-((60*46)+24)
1.235,=3600+(60*16)+33-((60*46)+24)
1.070,=3600+(60*16)+34-((60*46)+24)
1.001,=3600+(60*16)+35-((60*46)+24)
1.277,=3600+(60*16)+36-((60*46)+24)
1.140,=3600+(60*16)+37-((60*46)+24)
1.050,=3600+(60*16)+38-((60*46)+24)
1.268,=3600+(60*16)+39-((60*46)+24)
1.172,=3600+(60*16)+40-((60*46)+24)
1.133,=3600+(60*16)+41-((60*46)+24)
1.201,=3600+(60*16)+42-((60*46)+24)
1.009,=3600+(60*16)+43-((60*46)+24)
1.088,=3600+(60*16)+44-((60*46)+24)
1.348,=3600+(60*16)+45-((60*46)+24)
1.124,=3600+(60*16)+46-((60*46)+24)
1.039,=3600+(60*16)+47-((60*46)+24)
1.341,=3600+(60*16)+48-((60*46)+24)
1.210,=3600+(60*16)+48-((60*46)+24)
0.935,=3600+(60*16)+49-((60*46)+24)
1.087,=3600+(60*16)+50-((60*46)+24)
1.118,=3600+(60*16)+51-((60*46)+24)
1.116,=3600+(60*16)+52-((60*46)+24)
1.191,=3600+(60*16)+53-((60*46)+24)
1.061,=3600+(60*16)+54-((60*46)+24)
1.247,=3600+(60*16)+55-((60*46)+24)
1.210,=3600+(60*16)+56-((60*46)+24)
1.063,=3600+(60*16)+57-((60*46)+24)
1.209,=3600+(60*16)+58-((60*46)+24)
1.166,=3600+(60*16)+59-((60*46)+24)
1.067,=3600+(60*17)+00-((60*46)+24)
1.189,=3600+(60*17)+01-((60*46)+24)
1.150,=3600+(60*17)+02-((60*46)+24)
1.073,=3600+(60*17)+03-((60*46)+24)
1.265,=3600+(60*17)+04-((60*46)+24)
1.148,=3600+(60*17)+04-((60*46)+24)
1.100,=3600+(60*17)+05-((60*46)+24)
1.210,=3600+(60*17)+06-((60*46)+24)
1.098,=3600+(60*17)+07-((60*46)+24)
1.192,=3600+(60*17)+08-((60*46)+24)
1.163,=3600+(60*17)+09-((60*46)+24)
0.973,=3600+(60*17)+10-((60*46)+24)
1.247,=3600+(60*17)+11-((60*46)+24)
1.114,=3600+(60*17)+12-((60*46)+24)
1.025,=3600+(60*17)+13-((60*46)+24)
1.280,=3600+(60*17)+14-((60*46)+24)
1.188,=3600+(60*17)+15-((60*46)+24)
1.149,=3600+(60*17)+16-((60*46)+24)
1.053,=3600+(60*17)+17-((60*46)+24)
1.032,=3600+(60*17)+18-((60*46)+24)
1.257,=3600+(60*17)+19-((60*46)+24)
1.091,=3600+(60*17)+20-((60*46)+24)
1.078,=3600+(60*17)+20-((60*46)+24)
1.269,=3600+(60*17)+21-((60*46)+24)
1.150,=3600+(60*17)+22-((60*46)+24)
1.119,=3600+(60*17)+23-((60*46)+24)
1.153,=3600+(60*17)+24-((60*46)+24)
1.099,=3600+(60*17)+25-((60*46)+24)
1.083,=3600+(60*17)+26-((60*46)+24)
1.211,=3600+(60*17)+27-((60*46)+24)
1.198,=3600+(60*17)+28-((60*46)+24)
1.015,=3600+(60*17)+29-((60*46)+24)
1.219,=3600+(60*17)+30-((60*46)+24)
1.219,=3600+(60*17)+31-((60*46)+24)
1.070,=3600+(60*17)+32-((60*46)+24)
1.121,=3600+(60*17)+33-((60*46)+24)
1.130,=3600+(60*17)+34-((60*46)+24)
1.093,=3600+(60*17)+35-((60*46)+24)
1.248,=3600+(60*17)+35-((60*46)+24)
1.098,=3600+(60*17)+36-((60*46)+24)
1.138,=3600+(60*17)+37-((60*46)+24)
1.308,=3600+(60*17)+38-((60*46)+24)
1.120,=3600+(60*17)+39-((60*46)+24)
1.061,=3600+(60*17)+40-((60*46)+24)
1.213,=3600+(60*17)+41-((60*46)+24)
1.050,=3600+(60*17)+42-((60*46)+24)
1.171,=3600+(60*17)+43-((60*46)+24)
1.243,=3600+(60*17)+44-((60*46)+24)
1.046,=3600+(60*17)+45-((60*46)+24)
1.147,=3600+(60*17)+46-((60*46)+24)
1.223,=3600+(60*17)+47-((60*46)+24)
1.065,=3600+(60*17)+48-((60*46)+24)
1.141,=3600+(60*17)+49-((60*46)+24)
1.239,=3600+(60*17)+50-((60*46)+24)
1.067,=3600+(60*17)+51-((60*46)+24)
1.078,=3600+(60*17)+52-((60*46)+24)
1.255,=3600+(60*17)+52-((60*46)+24)
1.013,=3600+(60*17)+53-((60*46)+24)
1.128,=3600+(60*17)+54-((60*46)+24)
1.345,=3600+(60*17)+55-((60*46)+24)
0.985,=3600+(60*17)+56-((60*46)+24)
0.852,=3600+(60*17)+57-((60*46)+24)
0.982,=3600+(60*17)+58-((60*46)+24)
0.954,=3600+(60*17)+59-((60*46)+24)
1.153,=3600+(60*18)+00-((60*46)+24)
1.269,=3600+(60*18)+01-((60*46)+24)
0.966,=3600+(60*18)+02-((60*46)+24)
1.150,=3600+(60*18)+03-((60*46)+24)
1.203,=3600+(60*18)+04-((60*46)+24)
1.063,=3600+(60*18)+05-((60*46)+24)
1.183,=3600+(60*18)+06-((60*46)+24)
1.099,=3600+(60*18)+07-((60*46)+24)
1.065,=3600+(60*18)+07-((60*46)+24)
1.117,=3600+(60*18)+08-((60*46)+24)
1.106,=3600+(60*18)+09-((60*46)+24)
1.225,=3600+(60*18)+10-((60*46)+24)
1.194,=3600+(60*18)+11-((60*46)+24)
1.017,=3600+(60*18)+12-((60*46)+24)
1.207,=3600+(60*18)+13-((60*46)+24)
1.246,=3600+(60*18)+14-((60*46)+24)
0.973,=3600+(60*21)+14-((60*46)+24)
1.262,=3600+(60*21)+15-((60*46)+24)
1.147,=3600+(60*21)+22-((60*46)+24)
1.230,=3600+(60*21)+23-((60*46)+24)
1.022,=3600+(60*21)+24-((60*46)+24)
1.190,=3600+(60*21)+25-((60*46)+24)
1.173,=3600+(60*21)+26-((60*46)+24)
1.053,=3600+(60*21)+27-((60*46)+24)
1.113,=3600+(60*21)+28-((60*46)+24)
1.145,=3600+(60*21)+29-((60*46)+24)
1.181,=3600+(60*21)+30-((60*46)+24)
1.186,=3600+(60*21)+31-((60*46)+24)
1.108,=3600+(60*21)+32-((60*46)+24)
1.156,=3600+(60*21)+33-((60*46)+24)
1.171,=3600+(60*21)+33-((60*46)+24)
1.105,=3600+(60*21)+34-((60*46)+24)
1.188,=3600+(60*21)+35-((60*46)+24)
1.089,=3600+(60*21)+36-((60*46)+24)
1.075,=3600+(60*21)+37-((60*46)+24)
1.055,=3600+(60*21)+43-((60*46)+24)
1.075,=3600+(60*21)+46-((60*46)+24)
1.199,=3600+(60*21)+52-((60*46)+24)
0.979,=3600+(60*21)+53-((60*46)+24)
1.193,=3600+(60*21)+54-((60*46)+24)
1.171,=3600+(60*21)+55-((60*46)+24)
1.006,=3600+(60*21)+56-((60*46)+24)
1.217,=3600+(60*21)+57-((60*46)+24)
1.199,=3600+(60*21)+58-((60*46)+24)
1.044,=3600+(60*21)+59-((60*46)+24)
1.066,=3600+(60*22)+00-((60*46)+24)
1.080,=3600+(60*22)+01-((60*46)+24)
1.172,=3600+(60*22)+02-((60*46)+24)
1.178,=3600+(60*22)+03-((60*46)+24)
1.104,=3600+(60*22)+04-((60*46)+24)
1.113,=3600+(60*22)+05-((60*46)+24)
1.255,=3600+(60*22)+06-((60*46)+24)
1.144,=3600+(60*22)+07-((60*46)+24)
1.124,=3600+(60*22)+07-((60*46)+24)
1.125,=3600+(60*22)+19-((60*46)+24)
1.156,=3600+(60*22)+20-((60*46)+24)
1.100,=3600+(60*22)+21-((60*46)+24)
1.130,=3600+(60*22)+22-((60*46)+24)
1.265,=3600+(60*22)+23-((60*46)+24)
1.140,=3600+(60*22)+24-((60*46)+24)
1.145,=3600+(60*22)+25-((60*46)+24)
1.215,=3600+(60*22)+26-((60*46)+24)
1.153,=3600+(60*22)+26-((60*46)+24)
1.129,=3600+(60*22)+27-((60*46)+24)
1.152,=3600+(60*22)+28-((60*46)+24)
1.084,=3600+(60*22)+29-((60*46)+24)
1.188,=3600+(60*22)+30-((60*46)+24)
1.140,=3600+(60*22)+31-((60*46)+24)
1.089,=3600+(60*22)+32-((60*46)+24)
1.195,=3600+(60*22)+33-((60*46)+24)
1.226,=3600+(60*22)+34-((60*46)+24)
1.017,=3600+(60*22)+46-((60*46)+24)
1.005,=3600+(60*22)+47-((60*46)+24)
1.321,=3600+(60*22)+48-((60*46)+24)
1.219,=3600+(60*22)+49-((60*46)+24)
1.167,=3600+(60*22)+50-((60*46)+24)
1.208,=3600+(60*22)+50-((60*46)+24)
1.027,=3600+(60*22)+51-((60*46)+24)
1.203,=3600+(60*22)+52-((60*46)+24)
1.147,=3600+(60*22)+53-((60*46)+24)
0.969,=3600+(60*22)+54-((60*46)+24)
1.239,=3600+(60*22)+55-((60*46)+24)
1.112,=3600+(60*22)+56-((60*46)+24)
1.091,=3600+(60*22)+57-((60*46)+24)
1.259,=3600+(60*22)+58-((60*46)+24)
1.045,=3600+(60*22)+59-((60*46)+24)
1.099,=3600+(60*23)+00-((60*46)+24)
1.297,=3600+(60*23)+01-((60*46)+24)
1.225,=3600+(60*23)+13-((60*46)+24)
1.236,=3600+(60*23)+14-((60*46)+24)
1.079,=3600+(60*23)+15-((60*46)+24)
1.182,=3600+(60*23)+16-((60*46)+24)
1.231,=3600+(60*23)+16-((60*46)+24)
1.104,=3600+(60*23)+17-((60*46)+24)
1.127,=3600+(60*23)+18-((60*46)+24)
1.141,=3600+(60*23)+19-((60*46)+24)
1.097,=3600+(60*23)+20-((60*46)+24)
1.226,=3600+(60*23)+21-((60*46)+24)
1.092,=3600+(60*23)+22-((60*46)+24)
1.090,=3600+(60*23)+23-((60*46)+24)
1.272,=3600+(60*23)+24-((60*46)+24)
1.244,=3600+(60*23)+25-((60*46)+24)
1.069,=3600+(60*23)+26-((60*46)+24)
1.145,=3600+(60*23)+27-((60*46)+24)
1.185,=3600+(60*23)+28-((60*46)+24)
1.067,=3600+(60*23)+40-((60*46)+24)
1.143,=3600+(60*23)+41-((60*46)+24)
1.271,=3600+(60*23)+42-((60*46)+24)
1.098,=3600+(60*23)+43-((60*46)+24)
1.171,=3600+(60*23)+44-((60*46)+24)
1.112,=3600+(60*23)+45-((60*46)+24)
1.064,=3600+(60*23)+45-((60*46)+24)
1.249,=3600+(60*23)+46-((60*46)+24)
1.133,=3600+(60*23)+47-((60*46)+24)
0.945,=3600+(60*23)+48-((60*46)+24)
1.063,=3600+(60*23)+49-((60*46)+24)
1.088,=3600+(60*23)+50-((60*46)+24)
1.052,=3600+(60*23)+51-((60*46)+24)
1.230,=3600+(60*23)+52-((60*46)+24)
1.140,=3600+(60*23)+53-((60*46)+24)
1.058,=3600+(60*23)+54-((60*46)+24)
1.207,=3600+(60*23)+55-((60*46)+24)
1.241,=3600+(60*24)+07-((60*46)+24)
1.120,=3600+(60*24)+08-((60*46)+24)
1.035,=3600+(60*24)+09-((60*46)+24)
1.234,=3600+(60*24)+10-((60*46)+24)
1.009,=3600+(60*24)+11-((60*46)+24)
1.029,=3600+(60*24)+11-((60*46)+24)
1.274,=3600+(60*24)+12-((60*46)+24)
1.079,=3600+(60*24)+13-((60*46)+24)
1.044,=3600+(60*24)+14-((60*46)+24)
1.109,=3600+(60*24)+15-((60*46)+24)
1.128,=3600+(60*24)+16-((60*46)+24)
1.150,=3600+(60*24)+17-((60*46)+24)
1.089,=3600+(60*24)+18-((60*46)+24)
